merchant_id,merchant_name,category,risk_tier,region
1,merchant_0001,gaming,high,US-East
2,merchant_0002,grocery,high,US-East
3,merchant_0003,retail,low,US-East
4,merchant_0004,retail,medium,US-West
5,merchant_0005,travel,medium,APAC
6,merchant_0006,utilities,low,US-Central
7,merchant_0007,online,high,US-Central
8,merchant_0008,gaming,high,US-Central
9,merchant_0009,travel,medium,EU-West
10,merchant_0010,crypto,high,US-East
11,merchant_0011,travel,medium,EU-East
12,merchant_0012,online,low,US-Central
13,merchant_0013,grocery,high,EU-East
14,merchant_0014,utilities,high,US-Central
15,merchant_0015,retail,medium,US-Central
16,merchant_0016,retail,low,EU-West
17,merchant_0017,utilities,medium,US-East
18,merchant_0018,utilities,low,EU-West
19,merchant_0019,crypto,medium,US-Central
20,merchant_0020,travel,low,APAC
21,merchant_0021,retail,low,EU-West
22,merchant_0022,utilities,medium,US-West
23,merchant_0023,retail,low,EU-West
24,merchant_0024,online,low,US-Central
25,merchant_0025,grocery,high,US-East
26,merchant_0026,grocery,medium,US-East
27,merchant_0027,gaming,medium,APAC
28,merchant_0028,restaurant,low,US-West
29,merchant_0029,restaurant,low,EU-West
30,merchant_0030,utilities,medium,EU-East
31,merchant_0031,utilities,medium,US-Central
32,merchant_0032,retail,medium,APAC
33,merchant_0033,grocery,medium,EU-West
34,merchant_0034,utilities,low,EU-East
35,merchant_0035,retail,low,US-Central
36,merchant_0036,restaurant,medium,US-East
37,merchant_0037,crypto,medium,EU-East
38,merchant_0038,grocery,low,EU-East
39,merchant_0039,gaming,high,EU-East
40,merchant_0040,travel,low,US-West
41,merchant_0041,crypto,medium,EU-East
42,merchant_0042,online,medium,US-West
43,merchant_0043,online,low,US-Central
44,merchant_0044,crypto,medium,EU-East
45,merchant_0045,online,low,US-Central
46,merchant_0046,crypto,low,EU-East
47,merchant_0047,retail,high,US-West
48,merchant_0048,restaurant,medium,EU-West
49,merchant_0049,restaurant,low,US-East
50,merchant_0050,online,high,US-Central
51,merchant_0051,utilities,medium,EU-West
52,merchant_0052,utilities,low,US-Central
53,merchant_0053,online,low,APAC
54,merchant_0054,crypto,high,EU-West
55,merchant_0055,crypto,medium,US-West
56,merchant_0056,restaurant,low,US-East
57,merchant_0057,crypto,high,US-East
58,merchant_0058,restaurant,medium,US-West
59,merchant_0059,crypto,high,US-East
60,merchant_0060,grocery,low,US-West
61,merchant_0061,travel,medium,US-Central
62,merchant_0062,online,low,EU-West
63,merchant_0063,retail,low,US-East
64,merchant_0064,online,low,EU-West
65,merchant_0065,gaming,high,APAC
66,merchant_0066,retail,medium,US-West
67,merchant_0067,retail,medium,APAC
68,merchant_0068,restaurant,low,EU-West
69,merchant_0069,retail,low,EU-West
70,merchant_0070,restaurant,medium,US-West
71,merchant_0071,restaurant,low,EU-East
72,merchant_0072,restaurant,medium,EU-West
73,merchant_0073,online,low,US-Central
74,merchant_0074,travel,low,US-West
75,merchant_0075,travel,low,US-West
76,merchant_0076,restaurant,low,EU-East
77,merchant_0077,restaurant,low,APAC
78,merchant_0078,gaming,high,US-East
79,merchant_0079,utilities,low,US-West
80,merchant_0080,online,medium,EU-West
81,merchant_0081,retail,medium,EU-East
82,merchant_0082,online,medium,EU-East
83,merchant_0083,grocery,low,US-East
84,merchant_0084,gaming,high,US-West
85,merchant_0085,crypto,high,US-West
86,merchant_0086,utilities,medium,APAC
87,merchant_0087,online,medium,EU-East
88,merchant_0088,retail,high,EU-East
89,merchant_0089,online,low,US-Central
90,merchant_0090,gaming,high,US-East
91,merchant_0091,retail,high,US-East
92,merchant_0092,retail,low,EU-West
93,merchant_0093,utilities,low,EU-West
94,merchant_0094,crypto,high,EU-East
95,merchant_0095,utilities,low,EU-West
96,merchant_0096,travel,low,US-East
97,merchant_0097,retail,high,US-East
98,merchant_0098,travel,low,EU-East
99,merchant_0099,crypto,high,EU-East
100,merchant_0100,crypto,medium,EU-East
101,merchant_0101,crypto,high,US-West
102,merchant_0102,online,low,EU-East
103,merchant_0103,utilities,low,US-Central
104,merchant_0104,travel,low,US-Central
105,merchant_0105,grocery,medium,US-West
106,merchant_0106,travel,low,US-East
107,merchant_0107,utilities,low,APAC
108,merchant_0108,utilities,low,APAC
109,merchant_0109,gaming,medium,US-West
110,merchant_0110,online,low,APAC
111,merchant_0111,online,low,US-West
112,merchant_0112,utilities,low,EU-West
113,merchant_0113,grocery,low,EU-East
114,merchant_0114,gaming,high,US-Central
115,merchant_0115,grocery,low,EU-West
116,merchant_0116,gaming,low,US-West
117,merchant_0117,crypto,medium,APAC
118,merchant_0118,grocery,medium,US-East
119,merchant_0119,restaurant,medium,APAC
120,merchant_0120,online,low,US-West
121,merchant_0121,gaming,high,US-West
122,merchant_0122,travel,low,US-West
123,merchant_0123,travel,medium,APAC
124,merchant_0124,retail,medium,US-Central
125,merchant_0125,travel,low,EU-East
126,merchant_0126,gaming,high,US-East
127,merchant_0127,crypto,medium,APAC
128,merchant_0128,restaurant,medium,US-West
129,merchant_0129,gaming,high,US-Central
130,merchant_0130,online,low,US-East
131,merchant_0131,online,low,APAC
132,merchant_0132,restaurant,medium,US-West
133,merchant_0133,online,low,US-East
134,merchant_0134,retail,low,APAC
135,merchant_0135,retail,low,APAC
136,merchant_0136,travel,low,US-West
137,merchant_0137,retail,low,US-East
138,merchant_0138,online,low,US-East
139,merchant_0139,restaurant,low,US-West
140,merchant_0140,travel,low,EU-West
141,merchant_0141,crypto,high,EU-East
142,merchant_0142,gaming,high,US-West
143,merchant_0143,travel,low,US-Central
144,merchant_0144,gaming,high,US-West
145,merchant_0145,restaurant,low,US-West
146,merchant_0146,crypto,medium,US-Central
147,merchant_0147,travel,low,US-West
148,merchant_0148,crypto,medium,US-East
149,merchant_0149,travel,low,APAC
150,merchant_0150,restaurant,medium,EU-West
151,merchant_0151,travel,low,EU-East
152,merchant_0152,online,low,US-East
153,merchant_0153,restaurant,low,APAC
154,merchant_0154,crypto,high,US-West
155,merchant_0155,utilities,high,EU-West
156,merchant_0156,utilities,low,US-West
157,merchant_0157,retail,low,US-Central
158,merchant_0158,crypto,medium,APAC
159,merchant_0159,travel,high,US-East
160,merchant_0160,retail,medium,APAC
161,merchant_0161,travel,medium,EU-East
162,merchant_0162,gaming,high,EU-West
163,merchant_0163,online,medium,US-West
164,merchant_0164,restaurant,low,US-West
165,merchant_0165,gaming,medium,US-Central
166,merchant_0166,gaming,high,EU-East
167,merchant_0167,online,low,EU-West
168,merchant_0168,grocery,medium,US-Central
169,merchant_0169,utilities,medium,US-West
170,merchant_0170,utilities,low,US-East
171,merchant_0171,retail,low,US-West
172,merchant_0172,gaming,high,US-Central
173,merchant_0173,online,low,US-West
174,merchant_0174,grocery,low,APAC
175,merchant_0175,restaurant,low,US-Central
176,merchant_0176,retail,low,APAC
177,merchant_0177,grocery,low,US-Central
178,merchant_0178,gaming,high,APAC
179,merchant_0179,utilities,low,US-Central
180,merchant_0180,utilities,high,EU-West
181,merchant_0181,retail,medium,APAC
182,merchant_0182,retail,medium,EU-East
183,merchant_0183,travel,low,EU-West
184,merchant_0184,crypto,high,US-West
185,merchant_0185,grocery,high,US-West
186,merchant_0186,online,low,US-West
187,merchant_0187,restaurant,low,EU-East
188,merchant_0188,gaming,medium,US-West
189,merchant_0189,travel,medium,US-West
190,merchant_0190,online,low,US-Central
191,merchant_0191,utilities,low,US-Central
192,merchant_0192,online,medium,US-Central
193,merchant_0193,crypto,high,EU-East
194,merchant_0194,restaurant,low,EU-East
195,merchant_0195,crypto,medium,EU-East
196,merchant_0196,retail,low,US-West
197,merchant_0197,online,medium,US-Central
198,merchant_0198,retail,low,US-East
199,merchant_0199,online,medium,APAC
200,merchant_0200,restaurant,low,EU-East
201,merchant_0201,crypto,high,US-West
202,merchant_0202,crypto,high,US-East
203,merchant_0203,gaming,low,EU-West
204,merchant_0204,utilities,low,US-Central
205,merchant_0205,restaurant,low,EU-West
206,merchant_0206,travel,low,US-West
207,merchant_0207,gaming,medium,US-West
208,merchant_0208,travel,low,US-West
209,merchant_0209,online,low,US-East
210,merchant_0210,restaurant,low,US-Central
211,merchant_0211,online,low,US-East
212,merchant_0212,online,medium,EU-West
213,merchant_0213,online,low,US-West
214,merchant_0214,travel,low,EU-East
215,merchant_0215,restaurant,low,EU-West
216,merchant_0216,retail,low,US-East
217,merchant_0217,crypto,high,US-East
218,merchant_0218,crypto,medium,APAC
219,merchant_0219,utilities,low,US-West
220,merchant_0220,travel,medium,US-West
221,merchant_0221,travel,medium,US-West
222,merchant_0222,grocery,medium,US-East
223,merchant_0223,online,low,US-East
224,merchant_0224,retail,high,EU-East
225,merchant_0225,retail,low,US-Central
226,merchant_0226,retail,low,US-Central
227,merchant_0227,restaurant,medium,EU-East
228,merchant_0228,utilities,medium,EU-West
229,merchant_0229,online,low,APAC
230,merchant_0230,travel,low,US-East
231,merchant_0231,retail,low,US-East
232,merchant_0232,online,medium,US-Central
233,merchant_0233,restaurant,medium,EU-West
234,merchant_0234,online,low,US-Central
235,merchant_0235,utilities,medium,EU-East
236,merchant_0236,grocery,medium,APAC
237,merchant_0237,gaming,medium,APAC
238,merchant_0238,retail,low,US-West
239,merchant_0239,crypto,low,EU-East
240,merchant_0240,grocery,high,US-West
241,merchant_0241,travel,low,EU-West
242,merchant_0242,online,high,APAC
243,merchant_0243,crypto,high,US-East
244,merchant_0244,retail,low,US-West
245,merchant_0245,restaurant,low,US-East
246,merchant_0246,restaurant,medium,EU-East
247,merchant_0247,online,low,EU-East
248,merchant_0248,utilities,medium,US-West
249,merchant_0249,crypto,medium,US-East
250,merchant_0250,crypto,high,US-West
251,merchant_0251,online,low,US-Central
252,merchant_0252,grocery,low,APAC
253,merchant_0253,utilities,medium,APAC
254,merchant_0254,restaurant,low,US-Central
255,merchant_0255,travel,low,US-West
256,merchant_0256,gaming,medium,EU-East
257,merchant_0257,restaurant,medium,US-West
258,merchant_0258,utilities,low,EU-East
259,merchant_0259,restaurant,medium,EU-East
260,merchant_0260,grocery,low,US-East
261,merchant_0261,gaming,low,US-East
262,merchant_0262,utilities,medium,US-East
263,merchant_0263,travel,low,US-Central
264,merchant_0264,crypto,high,APAC
265,merchant_0265,crypto,low,US-Central
266,merchant_0266,gaming,medium,US-Central
267,merchant_0267,online,medium,US-Central
268,merchant_0268,gaming,medium,US-West
269,merchant_0269,retail,high,US-Central
270,merchant_0270,retail,medium,APAC
271,merchant_0271,crypto,low,US-East
272,merchant_0272,travel,medium,US-Central
273,merchant_0273,utilities,low,US-West
274,merchant_0274,crypto,medium,APAC
275,merchant_0275,grocery,low,EU-West
276,merchant_0276,online,medium,APAC
277,merchant_0277,retail,low,US-East
278,merchant_0278,crypto,high,EU-East
279,merchant_0279,crypto,high,EU-East
280,merchant_0280,restaurant,low,EU-East
281,merchant_0281,restaurant,low,APAC
282,merchant_0282,travel,low,US-East
283,merchant_0283,travel,low,US-East
284,merchant_0284,utilities,low,US-West
285,merchant_0285,utilities,high,EU-East
286,merchant_0286,retail,medium,EU-East
287,merchant_0287,online,low,US-East
288,merchant_0288,online,medium,EU-West
289,merchant_0289,restaurant,medium,APAC
290,merchant_0290,travel,medium,EU-East
291,merchant_0291,restaurant,medium,US-East
292,merchant_0292,online,medium,EU-East
293,merchant_0293,online,high,US-Central
294,merchant_0294,retail,low,US-West
295,merchant_0295,grocery,medium,EU-East
296,merchant_0296,gaming,medium,US-Central
297,merchant_0297,restaurant,low,US-Central
298,merchant_0298,restaurant,medium,APAC
299,merchant_0299,crypto,medium,EU-West
300,merchant_0300,crypto,high,APAC
301,merchant_0301,crypto,medium,EU-East
302,merchant_0302,utilities,high,US-East
303,merchant_0303,crypto,high,US-East
304,merchant_0304,retail,medium,US-East
305,merchant_0305,gaming,high,US-Central
306,merchant_0306,crypto,medium,EU-West
307,merchant_0307,crypto,low,EU-East
308,merchant_0308,grocery,low,US-Central
309,merchant_0309,gaming,medium,US-Central
310,merchant_0310,travel,low,APAC
311,merchant_0311,utilities,low,EU-West
312,merchant_0312,utilities,low,EU-West
313,merchant_0313,utilities,low,EU-East
314,merchant_0314,online,medium,US-West
315,merchant_0315,crypto,high,APAC
316,merchant_0316,grocery,low,EU-East
317,merchant_0317,online,low,APAC
318,merchant_0318,utilities,high,EU-East
319,merchant_0319,utilities,low,EU-West
320,merchant_0320,utilities,low,EU-East
321,merchant_0321,crypto,high,APAC
322,merchant_0322,restaurant,medium,US-East
323,merchant_0323,gaming,medium,US-East
324,merchant_0324,travel,low,EU-East
325,merchant_0325,crypto,medium,EU-West
326,merchant_0326,retail,high,US-East
327,merchant_0327,crypto,high,APAC
328,merchant_0328,grocery,low,APAC
329,merchant_0329,online,medium,EU-East
330,merchant_0330,retail,low,US-East
331,merchant_0331,gaming,high,EU-West
332,merchant_0332,crypto,medium,EU-East
333,merchant_0333,restaurant,low,EU-East
334,merchant_0334,restaurant,low,US-West
335,merchant_0335,retail,medium,EU-East
336,merchant_0336,retail,low,EU-West
337,merchant_0337,crypto,medium,APAC
338,merchant_0338,retail,low,EU-East
339,merchant_0339,retail,low,US-Central
340,merchant_0340,grocery,high,US-East
341,merchant_0341,online,low,APAC
342,merchant_0342,retail,medium,APAC
343,merchant_0343,crypto,high,US-East
344,merchant_0344,grocery,low,EU-West
345,merchant_0345,crypto,high,US-East
346,merchant_0346,utilities,low,US-Central
347,merchant_0347,gaming,medium,EU-East
348,merchant_0348,online,medium,EU-East
349,merchant_0349,gaming,high,EU-West
350,merchant_0350,grocery,medium,US-West
351,merchant_0351,gaming,high,EU-West
352,merchant_0352,grocery,low,US-East
353,merchant_0353,crypto,high,EU-West
354,merchant_0354,grocery,medium,EU-East
355,merchant_0355,retail,low,US-West
356,merchant_0356,retail,medium,US-West
357,merchant_0357,retail,low,US-Central
358,merchant_0358,retail,low,EU-East
359,merchant_0359,utilities,low,US-East
360,merchant_0360,crypto,high,US-East
361,merchant_0361,travel,low,APAC
362,merchant_0362,crypto,high,APAC
363,merchant_0363,utilities,low,EU-West
364,merchant_0364,online,low,US-West
365,merchant_0365,travel,low,EU-West
366,merchant_0366,online,low,APAC
367,merchant_0367,retail,low,EU-West
368,merchant_0368,online,high,APAC
369,merchant_0369,utilities,low,US-Central
370,merchant_0370,retail,medium,APAC
371,merchant_0371,online,low,EU-East
372,merchant_0372,travel,low,APAC
373,merchant_0373,retail,medium,EU-East
374,merchant_0374,retail,low,US-Central
375,merchant_0375,online,low,EU-East
376,merchant_0376,online,high,EU-West
377,merchant_0377,grocery,medium,US-West
378,merchant_0378,online,medium,US-East
379,merchant_0379,travel,low,APAC
380,merchant_0380,retail,low,EU-West
381,merchant_0381,utilities,low,US-West
382,merchant_0382,gaming,high,US-East
383,merchant_0383,online,medium,EU-West
384,merchant_0384,grocery,high,US-West
385,merchant_0385,online,high,EU-East
386,merchant_0386,utilities,high,US-East
387,merchant_0387,travel,low,APAC
388,merchant_0388,retail,high,APAC
389,merchant_0389,grocery,low,EU-West
390,merchant_0390,crypto,medium,US-East
391,merchant_0391,grocery,low,EU-East
392,merchant_0392,online,low,US-Central
393,merchant_0393,online,low,EU-East
394,merchant_0394,grocery,medium,US-Central
395,merchant_0395,crypto,high,EU-East
396,merchant_0396,retail,low,EU-West
397,merchant_0397,retail,low,EU-East
398,merchant_0398,crypto,high,US-East
399,merchant_0399,online,low,EU-East
400,merchant_0400,retail,low,US-East
401,merchant_0401,restaurant,medium,US-Central
402,merchant_0402,retail,low,US-Central
403,merchant_0403,crypto,medium,US-Central
404,merchant_0404,retail,medium,US-East
405,merchant_0405,online,low,APAC
406,merchant_0406,gaming,medium,US-East
407,merchant_0407,crypto,high,APAC
408,merchant_0408,travel,low,EU-East
409,merchant_0409,crypto,high,EU-West
410,merchant_0410,crypto,high,US-West
411,merchant_0411,utilities,low,US-West
412,merchant_0412,restaurant,low,US-Central
413,merchant_0413,gaming,high,US-East
414,merchant_0414,utilities,low,US-West
415,merchant_0415,retail,high,EU-East
416,merchant_0416,travel,low,US-Central
417,merchant_0417,travel,low,US-Central
418,merchant_0418,online,low,US-West
419,merchant_0419,travel,low,APAC
420,merchant_0420,travel,low,US-West
421,merchant_0421,grocery,medium,US-West
422,merchant_0422,gaming,high,US-Central
423,merchant_0423,online,low,APAC
424,merchant_0424,retail,medium,US-West
425,merchant_0425,travel,medium,EU-West
426,merchant_0426,utilities,low,US-East
427,merchant_0427,retail,medium,EU-East
428,merchant_0428,travel,medium,APAC
429,merchant_0429,restaurant,low,APAC
430,merchant_0430,travel,low,US-Central
431,merchant_0431,retail,medium,EU-East
432,merchant_0432,travel,medium,EU-West
433,merchant_0433,crypto,medium,APAC
434,merchant_0434,online,low,APAC
435,merchant_0435,retail,high,APAC
436,merchant_0436,utilities,high,EU-West
437,merchant_0437,utilities,medium,EU-West
438,merchant_0438,utilities,low,EU-West
439,merchant_0439,restaurant,medium,EU-West
440,merchant_0440,retail,medium,US-East
441,merchant_0441,online,low,US-East
442,merchant_0442,gaming,high,US-Central
443,merchant_0443,retail,low,APAC
444,merchant_0444,online,low,APAC
445,merchant_0445,travel,low,US-West
446,merchant_0446,utilities,low,APAC
447,merchant_0447,retail,low,EU-East
448,merchant_0448,crypto,high,APAC
449,merchant_0449,retail,medium,US-East
450,merchant_0450,crypto,high,APAC
451,merchant_0451,crypto,high,US-Central
452,merchant_0452,utilities,low,APAC
453,merchant_0453,grocery,low,US-West
454,merchant_0454,retail,low,US-West
455,merchant_0455,retail,low,EU-East
456,merchant_0456,retail,low,US-Central
457,merchant_0457,grocery,low,EU-East
458,merchant_0458,retail,low,EU-East
459,merchant_0459,utilities,medium,US-Central
460,merchant_0460,restaurant,medium,US-Central
461,merchant_0461,travel,medium,APAC
462,merchant_0462,grocery,low,EU-West
463,merchant_0463,crypto,high,EU-West
464,merchant_0464,retail,low,US-Central
465,merchant_0465,utilities,low,US-Central
466,merchant_0466,gaming,high,EU-West
467,merchant_0467,crypto,high,US-East
468,merchant_0468,grocery,medium,US-Central
469,merchant_0469,travel,low,EU-West
470,merchant_0470,travel,medium,US-Central
471,merchant_0471,restaurant,medium,EU-West
472,merchant_0472,online,low,EU-East
473,merchant_0473,gaming,high,US-West
474,merchant_0474,travel,low,APAC
475,merchant_0475,travel,low,US-East
476,merchant_0476,travel,low,US-East
477,merchant_0477,utilities,low,APAC
478,merchant_0478,restaurant,medium,EU-West
479,merchant_0479,online,medium,US-Central
480,merchant_0480,utilities,medium,EU-East
481,merchant_0481,travel,low,US-West
482,merchant_0482,travel,low,EU-West
483,merchant_0483,gaming,high,APAC
484,merchant_0484,crypto,medium,US-West
485,merchant_0485,travel,low,APAC
486,merchant_0486,utilities,medium,EU-East
487,merchant_0487,grocery,medium,APAC
488,merchant_0488,online,low,EU-East
489,merchant_0489,crypto,medium,EU-West
490,merchant_0490,crypto,medium,US-West
491,merchant_0491,utilities,low,EU-West
492,merchant_0492,gaming,medium,US-East
493,merchant_0493,gaming,low,US-West
494,merchant_0494,restaurant,low,EU-West
495,merchant_0495,gaming,medium,US-East
496,merchant_0496,restaurant,low,EU-West
497,merchant_0497,grocery,medium,US-Central
498,merchant_0498,online,low,US-East
499,merchant_0499,utilities,medium,EU-East
500,merchant_0500,retail,medium,EU-East
501,merchant_0501,travel,medium,EU-East
502,merchant_0502,retail,high,APAC
503,merchant_0503,utilities,medium,APAC
504,merchant_0504,grocery,medium,US-West
505,merchant_0505,utilities,low,EU-West
506,merchant_0506,restaurant,high,EU-East
507,merchant_0507,utilities,medium,US-East
508,merchant_0508,grocery,medium,US-East
509,merchant_0509,retail,low,US-East
510,merchant_0510,crypto,high,APAC
511,merchant_0511,retail,low,US-East
512,merchant_0512,crypto,high,EU-East
513,merchant_0513,restaurant,low,EU-East
514,merchant_0514,restaurant,low,US-East
515,merchant_0515,gaming,medium,US-Central
516,merchant_0516,online,medium,US-West
517,merchant_0517,online,medium,US-Central
518,merchant_0518,utilities,medium,APAC
519,merchant_0519,gaming,high,EU-East
520,merchant_0520,retail,low,US-Central
521,merchant_0521,grocery,high,US-East
522,merchant_0522,utilities,low,US-East
523,merchant_0523,crypto,high,US-Central
524,merchant_0524,crypto,high,US-East
525,merchant_0525,crypto,high,US-West
526,merchant_0526,retail,low,US-West
527,merchant_0527,retail,medium,APAC
528,merchant_0528,gaming,high,US-East
529,merchant_0529,grocery,low,US-Central
530,merchant_0530,utilities,low,US-West
531,merchant_0531,restaurant,low,US-East
532,merchant_0532,utilities,high,US-East
533,merchant_0533,retail,low,EU-East
534,merchant_0534,gaming,high,APAC
535,merchant_0535,restaurant,medium,US-West
536,merchant_0536,travel,low,US-East
537,merchant_0537,grocery,low,US-East
538,merchant_0538,retail,low,US-West
539,merchant_0539,restaurant,medium,US-East
540,merchant_0540,utilities,high,EU-West
541,merchant_0541,grocery,low,US-East
542,merchant_0542,grocery,low,US-West
543,merchant_0543,travel,low,EU-East
544,merchant_0544,utilities,low,US-East
545,merchant_0545,crypto,medium,APAC
546,merchant_0546,crypto,high,US-East
547,merchant_0547,utilities,low,EU-West
548,merchant_0548,online,low,APAC
549,merchant_0549,grocery,medium,US-West
550,merchant_0550,grocery,medium,EU-East
551,merchant_0551,travel,low,US-East
552,merchant_0552,crypto,high,EU-East
553,merchant_0553,travel,low,EU-West
554,merchant_0554,utilities,low,APAC
555,merchant_0555,gaming,high,US-West
556,merchant_0556,grocery,low,US-East
557,merchant_0557,gaming,high,US-Central
558,merchant_0558,online,low,US-West
559,merchant_0559,travel,low,APAC
560,merchant_0560,online,low,APAC
561,merchant_0561,grocery,medium,US-West
562,merchant_0562,restaurant,low,US-Central
563,merchant_0563,restaurant,low,EU-East
564,merchant_0564,utilities,low,EU-East
565,merchant_0565,utilities,medium,APAC
566,merchant_0566,online,medium,US-East
567,merchant_0567,retail,low,US-West
568,merchant_0568,restaurant,low,US-East
569,merchant_0569,utilities,medium,EU-East
570,merchant_0570,crypto,high,EU-East
571,merchant_0571,utilities,high,US-East
572,merchant_0572,restaurant,medium,US-Central
573,merchant_0573,gaming,high,EU-East
574,merchant_0574,online,low,EU-East
575,merchant_0575,travel,low,EU-East
576,merchant_0576,utilities,medium,APAC
577,merchant_0577,crypto,high,APAC
578,merchant_0578,restaurant,low,EU-East
579,merchant_0579,utilities,low,APAC
580,merchant_0580,retail,medium,US-East
581,merchant_0581,restaurant,high,US-Central
582,merchant_0582,retail,low,EU-West
583,merchant_0583,gaming,medium,EU-West
584,merchant_0584,travel,medium,US-East
585,merchant_0585,online,low,EU-East
586,merchant_0586,grocery,low,US-West
587,merchant_0587,crypto,high,EU-West
588,merchant_0588,utilities,low,EU-West
589,merchant_0589,gaming,low,US-East
590,merchant_0590,grocery,low,EU-West
591,merchant_0591,online,medium,US-Central
592,merchant_0592,online,low,APAC
593,merchant_0593,online,low,EU-East
594,merchant_0594,retail,low,US-Central
595,merchant_0595,online,low,US-East
596,merchant_0596,crypto,medium,US-East
597,merchant_0597,gaming,high,US-East
598,merchant_0598,gaming,high,EU-West
599,merchant_0599,crypto,high,US-Central
600,merchant_0600,gaming,medium,APAC
601,merchant_0601,retail,medium,EU-West
602,merchant_0602,online,medium,EU-East
603,merchant_0603,online,high,EU-East
604,merchant_0604,retail,medium,US-West
605,merchant_0605,gaming,high,US-Central
606,merchant_0606,retail,low,EU-West
607,merchant_0607,utilities,high,EU-East
608,merchant_0608,retail,medium,US-Central
609,merchant_0609,crypto,high,US-East
610,merchant_0610,online,low,EU-East
611,merchant_0611,restaurant,low,US-East
612,merchant_0612,gaming,high,EU-East
613,merchant_0613,utilities,low,US-West
614,merchant_0614,travel,high,US-Central
615,merchant_0615,grocery,low,US-Central
616,merchant_0616,crypto,high,EU-East
617,merchant_0617,crypto,high,US-Central
618,merchant_0618,gaming,high,US-Central
619,merchant_0619,online,low,APAC
620,merchant_0620,restaurant,medium,US-East
621,merchant_0621,crypto,high,US-Central
622,merchant_0622,travel,medium,US-Central
623,merchant_0623,restaurant,medium,US-West
624,merchant_0624,retail,medium,EU-West
625,merchant_0625,online,medium,APAC
626,merchant_0626,online,medium,US-West
627,merchant_0627,utilities,low,EU-West
628,merchant_0628,travel,low,US-East
629,merchant_0629,restaurant,medium,EU-West
630,merchant_0630,crypto,low,EU-West
631,merchant_0631,gaming,high,US-Central
632,merchant_0632,retail,low,EU-East
633,merchant_0633,gaming,high,APAC
634,merchant_0634,utilities,low,US-East
635,merchant_0635,retail,low,US-West
636,merchant_0636,travel,medium,APAC
637,merchant_0637,crypto,low,US-West
638,merchant_0638,restaurant,low,US-West
639,merchant_0639,gaming,medium,EU-West
640,merchant_0640,gaming,medium,US-Central
641,merchant_0641,restaurant,medium,US-West
642,merchant_0642,travel,low,US-West
643,merchant_0643,travel,low,US-East
644,merchant_0644,crypto,medium,EU-East
645,merchant_0645,travel,medium,APAC
646,merchant_0646,utilities,low,APAC
647,merchant_0647,crypto,high,APAC
648,merchant_0648,utilities,medium,EU-West
649,merchant_0649,crypto,low,US-Central
650,merchant_0650,grocery,medium,APAC
651,merchant_0651,grocery,medium,US-East
652,merchant_0652,online,medium,APAC
653,merchant_0653,utilities,low,EU-East
654,merchant_0654,online,low,EU-East
655,merchant_0655,utilities,low,EU-East
656,merchant_0656,crypto,medium,US-Central
657,merchant_0657,gaming,high,US-Central
658,merchant_0658,online,medium,US-West
659,merchant_0659,crypto,medium,US-West
660,merchant_0660,restaurant,low,APAC
661,merchant_0661,retail,medium,APAC
662,merchant_0662,utilities,low,US-Central
663,merchant_0663,crypto,high,APAC
664,merchant_0664,restaurant,low,EU-East
665,merchant_0665,travel,medium,EU-West
666,merchant_0666,restaurant,low,US-Central
667,merchant_0667,retail,low,US-West
668,merchant_0668,online,low,US-East
669,merchant_0669,retail,medium,EU-East
670,merchant_0670,utilities,medium,US-West
671,merchant_0671,gaming,medium,US-East
672,merchant_0672,retail,low,US-West
673,merchant_0673,travel,low,EU-East
674,merchant_0674,utilities,medium,US-East
675,merchant_0675,retail,high,EU-East
676,merchant_0676,retail,low,US-West
677,merchant_0677,online,medium,EU-East
678,merchant_0678,gaming,high,US-East
679,merchant_0679,crypto,medium,US-East
680,merchant_0680,gaming,high,EU-West
681,merchant_0681,online,low,APAC
682,merchant_0682,crypto,high,US-East
683,merchant_0683,gaming,high,EU-East
684,merchant_0684,gaming,medium,US-Central
685,merchant_0685,grocery,low,EU-West
686,merchant_0686,travel,medium,US-West
687,merchant_0687,utilities,medium,US-Central
688,merchant_0688,retail,medium,EU-East
689,merchant_0689,utilities,medium,APAC
690,merchant_0690,online,low,US-West
691,merchant_0691,travel,low,US-West
692,merchant_0692,utilities,medium,EU-West
693,merchant_0693,utilities,high,US-West
694,merchant_0694,retail,medium,US-West
695,merchant_0695,crypto,high,US-West
696,merchant_0696,online,low,APAC
697,merchant_0697,restaurant,low,EU-East
698,merchant_0698,utilities,high,US-West
699,merchant_0699,restaurant,medium,APAC
700,merchant_0700,grocery,high,US-East
701,merchant_0701,travel,medium,EU-East
702,merchant_0702,crypto,medium,EU-West
703,merchant_0703,retail,low,US-Central
704,merchant_0704,restaurant,medium,US-Central
705,merchant_0705,travel,medium,US-East
706,merchant_0706,crypto,high,EU-East
707,merchant_0707,crypto,medium,US-West
708,merchant_0708,travel,low,US-East
709,merchant_0709,gaming,medium,US-West
710,merchant_0710,crypto,high,US-Central
711,merchant_0711,restaurant,low,US-Central
712,merchant_0712,gaming,high,US-West
713,merchant_0713,restaurant,low,EU-West
714,merchant_0714,travel,low,US-East
715,merchant_0715,gaming,low,APAC
716,merchant_0716,travel,medium,APAC
717,merchant_0717,travel,low,US-West
718,merchant_0718,crypto,high,US-West
719,merchant_0719,utilities,low,APAC
720,merchant_0720,crypto,high,US-Central
721,merchant_0721,travel,low,EU-East
722,merchant_0722,travel,medium,US-Central
723,merchant_0723,travel,low,US-Central
724,merchant_0724,grocery,low,US-Central
725,merchant_0725,retail,low,EU-West
726,merchant_0726,travel,low,EU-West
727,merchant_0727,restaurant,low,US-West
728,merchant_0728,grocery,medium,EU-East
729,merchant_0729,crypto,high,US-East
730,merchant_0730,grocery,low,US-Central
731,merchant_0731,retail,low,EU-West
732,merchant_0732,grocery,low,US-Central
733,merchant_0733,travel,medium,US-Central
734,merchant_0734,travel,high,EU-West
735,merchant_0735,utilities,low,EU-East
736,merchant_0736,retail,low,US-West
737,merchant_0737,restaurant,low,EU-East
738,merchant_0738,grocery,medium,US-Central
739,merchant_0739,grocery,low,EU-West
740,merchant_0740,grocery,medium,EU-East
741,merchant_0741,grocery,medium,US-West
742,merchant_0742,crypto,high,EU-East
743,merchant_0743,restaurant,low,EU-West
744,merchant_0744,utilities,low,EU-East
745,merchant_0745,travel,low,US-East
746,merchant_0746,retail,low,APAC
747,merchant_0747,crypto,high,EU-West
748,merchant_0748,crypto,high,EU-East
749,merchant_0749,online,medium,APAC
750,merchant_0750,crypto,high,US-West
751,merchant_0751,crypto,high,US-Central
752,merchant_0752,utilities,medium,US-East
753,merchant_0753,retail,medium,US-East
754,merchant_0754,gaming,high,EU-West
755,merchant_0755,online,low,EU-West
756,merchant_0756,crypto,high,EU-West
757,merchant_0757,retail,medium,EU-West
758,merchant_0758,retail,low,EU-East
759,merchant_0759,grocery,medium,EU-East
760,merchant_0760,gaming,high,US-West
761,merchant_0761,restaurant,low,EU-East
762,merchant_0762,grocery,medium,APAC
763,merchant_0763,travel,low,US-East
764,merchant_0764,online,low,EU-West
765,merchant_0765,restaurant,high,EU-East
766,merchant_0766,gaming,high,EU-West
767,merchant_0767,gaming,high,EU-East
768,merchant_0768,crypto,medium,US-East
769,merchant_0769,grocery,medium,US-East
770,merchant_0770,crypto,high,EU-East
771,merchant_0771,travel,high,EU-West
772,merchant_0772,restaurant,low,US-Central
773,merchant_0773,utilities,low,EU-West
774,merchant_0774,crypto,high,EU-East
775,merchant_0775,retail,high,EU-East
776,merchant_0776,crypto,high,US-Central
777,merchant_0777,online,low,EU-West
778,merchant_0778,grocery,low,EU-West
779,merchant_0779,retail,low,APAC
780,merchant_0780,travel,low,EU-West
781,merchant_0781,travel,low,US-West
782,merchant_0782,travel,low,EU-East
783,merchant_0783,utilities,low,EU-West
784,merchant_0784,online,medium,EU-East
785,merchant_0785,utilities,low,US-West
786,merchant_0786,crypto,high,APAC
787,merchant_0787,utilities,low,EU-East
788,merchant_0788,crypto,medium,APAC
789,merchant_0789,travel,low,US-West
790,merchant_0790,travel,low,US-Central
791,merchant_0791,grocery,low,APAC
792,merchant_0792,gaming,high,US-Central
793,merchant_0793,travel,low,US-East
794,merchant_0794,gaming,high,EU-West
795,merchant_0795,gaming,high,US-Central
796,merchant_0796,gaming,high,US-West
797,merchant_0797,utilities,low,US-Central
798,merchant_0798,travel,low,EU-West
799,merchant_0799,gaming,high,EU-West
800,merchant_0800,gaming,medium,APAC
801,merchant_0801,crypto,low,US-East
802,merchant_0802,travel,low,EU-East
803,merchant_0803,online,low,US-East
804,merchant_0804,travel,low,US-West
805,merchant_0805,online,medium,EU-West
806,merchant_0806,utilities,low,EU-West
807,merchant_0807,gaming,high,US-Central
808,merchant_0808,travel,low,EU-East
809,merchant_0809,travel,medium,EU-East
810,merchant_0810,restaurant,low,US-West
811,merchant_0811,grocery,low,US-West
812,merchant_0812,grocery,medium,US-West
813,merchant_0813,retail,low,EU-West
814,merchant_0814,gaming,medium,APAC
815,merchant_0815,retail,low,EU-West
816,merchant_0816,restaurant,low,EU-West
817,merchant_0817,retail,medium,EU-West
818,merchant_0818,travel,medium,US-East
819,merchant_0819,online,low,US-Central
820,merchant_0820,gaming,high,EU-West
821,merchant_0821,restaurant,medium,US-West
822,merchant_0822,restaurant,medium,APAC
823,merchant_0823,crypto,medium,EU-East
824,merchant_0824,gaming,high,EU-West
825,merchant_0825,utilities,medium,EU-West
826,merchant_0826,online,medium,EU-West
827,merchant_0827,online,high,US-East
828,merchant_0828,travel,medium,US-East
829,merchant_0829,gaming,high,APAC
830,merchant_0830,online,medium,EU-West
831,merchant_0831,restaurant,low,US-Central
832,merchant_0832,grocery,low,US-East
833,merchant_0833,retail,low,EU-East
834,merchant_0834,online,high,US-East
835,merchant_0835,restaurant,medium,EU-West
836,merchant_0836,retail,low,APAC
837,merchant_0837,online,low,US-Central
838,merchant_0838,crypto,high,US-Central
839,merchant_0839,utilities,low,US-East
840,merchant_0840,retail,low,EU-East
841,merchant_0841,retail,low,US-East
842,merchant_0842,retail,low,EU-East
843,merchant_0843,restaurant,medium,APAC
844,merchant_0844,grocery,medium,US-West
845,merchant_0845,gaming,low,US-West
846,merchant_0846,restaurant,low,US-East
847,merchant_0847,restaurant,low,US-Central
848,merchant_0848,travel,low,APAC
849,merchant_0849,travel,medium,US-East
850,merchant_0850,crypto,high,APAC
851,merchant_0851,online,low,APAC
852,merchant_0852,restaurant,low,US-West
853,merchant_0853,travel,medium,US-West
854,merchant_0854,grocery,low,EU-West
855,merchant_0855,restaurant,low,EU-West
856,merchant_0856,retail,medium,APAC
857,merchant_0857,restaurant,medium,EU-West
858,merchant_0858,online,low,US-Central
859,merchant_0859,utilities,low,EU-West
860,merchant_0860,utilities,medium,US-East
861,merchant_0861,travel,low,EU-East
862,merchant_0862,crypto,high,US-Central
863,merchant_0863,crypto,low,US-West
864,merchant_0864,utilities,low,US-West
865,merchant_0865,utilities,low,APAC
866,merchant_0866,restaurant,low,EU-East
867,merchant_0867,retail,low,US-Central
868,merchant_0868,restaurant,low,EU-West
869,merchant_0869,restaurant,low,US-West
870,merchant_0870,online,medium,US-West
871,merchant_0871,restaurant,medium,EU-East
872,merchant_0872,restaurant,medium,US-Central
873,merchant_0873,utilities,low,US-West
874,merchant_0874,retail,low,EU-West
875,merchant_0875,crypto,high,EU-West
876,merchant_0876,gaming,high,APAC
877,merchant_0877,crypto,medium,EU-West
878,merchant_0878,restaurant,high,EU-West
879,merchant_0879,grocery,high,US-Central
880,merchant_0880,online,low,APAC
881,merchant_0881,online,high,US-East
882,merchant_0882,retail,low,EU-East
883,merchant_0883,online,medium,US-West
884,merchant_0884,utilities,medium,US-East
885,merchant_0885,grocery,low,EU-West
886,merchant_0886,travel,medium,US-Central
887,merchant_0887,online,low,EU-East
888,merchant_0888,grocery,high,EU-West
889,merchant_0889,travel,low,US-East
890,merchant_0890,gaming,high,EU-East
891,merchant_0891,utilities,medium,EU-East
892,merchant_0892,restaurant,low,US-East
893,merchant_0893,restaurant,low,EU-East
894,merchant_0894,restaurant,low,EU-West
895,merchant_0895,online,low,US-West
896,merchant_0896,retail,low,APAC
897,merchant_0897,retail,medium,US-Central
898,merchant_0898,crypto,medium,APAC
899,merchant_0899,grocery,low,EU-West
900,merchant_0900,travel,medium,APAC
901,merchant_0901,online,medium,APAC
902,merchant_0902,utilities,low,US-West
903,merchant_0903,online,low,US-West
904,merchant_0904,utilities,low,EU-West
905,merchant_0905,utilities,low,US-Central
906,merchant_0906,online,medium,EU-East
907,merchant_0907,utilities,low,US-West
908,merchant_0908,gaming,high,US-East
909,merchant_0909,online,low,EU-West
910,merchant_0910,online,medium,US-Central
911,merchant_0911,grocery,low,EU-West
912,merchant_0912,crypto,high,US-Central
913,merchant_0913,travel,low,US-East
914,merchant_0914,gaming,high,APAC
915,merchant_0915,utilities,medium,EU-West
916,merchant_0916,restaurant,low,US-East
917,merchant_0917,online,low,US-West
918,merchant_0918,retail,medium,EU-West
919,merchant_0919,gaming,low,EU-East
920,merchant_0920,utilities,medium,US-East
921,merchant_0921,restaurant,medium,EU-East
922,merchant_0922,crypto,high,US-Central
923,merchant_0923,retail,low,US-West
924,merchant_0924,online,low,US-East
925,merchant_0925,grocery,low,US-Central
926,merchant_0926,grocery,low,EU-East
927,merchant_0927,online,low,US-West
928,merchant_0928,online,medium,EU-West
929,merchant_0929,travel,low,EU-West
930,merchant_0930,restaurant,high,EU-West
931,merchant_0931,crypto,high,US-West
932,merchant_0932,restaurant,medium,US-West
933,merchant_0933,restaurant,low,APAC
934,merchant_0934,crypto,medium,US-West
935,merchant_0935,grocery,medium,US-Central
936,merchant_0936,online,low,US-Central
937,merchant_0937,crypto,medium,APAC
938,merchant_0938,crypto,high,US-Central
939,merchant_0939,crypto,high,EU-East
940,merchant_0940,online,low,EU-West
941,merchant_0941,gaming,medium,US-West
942,merchant_0942,retail,low,US-West
943,merchant_0943,grocery,high,US-Central
944,merchant_0944,utilities,low,US-East
945,merchant_0945,online,low,EU-West
946,merchant_0946,crypto,high,US-West
947,merchant_0947,retail,low,EU-West
948,merchant_0948,gaming,high,US-Central
949,merchant_0949,online,low,EU-East
950,merchant_0950,utilities,low,US-West
951,merchant_0951,online,medium,EU-West
952,merchant_0952,gaming,medium,US-East
953,merchant_0953,retail,low,APAC
954,merchant_0954,retail,low,APAC
955,merchant_0955,grocery,medium,EU-West
956,merchant_0956,retail,low,EU-West
957,merchant_0957,crypto,high,EU-West
958,merchant_0958,retail,low,EU-East
959,merchant_0959,retail,low,US-Central
960,merchant_0960,retail,low,APAC
961,merchant_0961,online,high,APAC
962,merchant_0962,grocery,medium,US-West
963,merchant_0963,travel,low,APAC
964,merchant_0964,gaming,medium,US-West
965,merchant_0965,gaming,high,US-Central
966,merchant_0966,restaurant,low,US-Central
967,merchant_0967,retail,high,US-West
968,merchant_0968,retail,low,US-East
969,merchant_0969,grocery,medium,EU-West
970,merchant_0970,restaurant,low,EU-East
971,merchant_0971,crypto,medium,US-Central
972,merchant_0972,restaurant,medium,EU-West
973,merchant_0973,online,low,US-West
974,merchant_0974,grocery,low,APAC
975,merchant_0975,grocery,medium,US-West
976,merchant_0976,utilities,low,APAC
977,merchant_0977,grocery,medium,APAC
978,merchant_0978,retail,low,EU-East
979,merchant_0979,gaming,high,EU-East
980,merchant_0980,restaurant,low,US-West
981,merchant_0981,utilities,low,APAC
982,merchant_0982,retail,medium,EU-East
983,merchant_0983,online,low,EU-East
984,merchant_0984,utilities,low,EU-West
985,merchant_0985,crypto,high,EU-West
986,merchant_0986,utilities,medium,US-West
987,merchant_0987,online,low,EU-East
988,merchant_0988,grocery,low,US-West
989,merchant_0989,restaurant,low,EU-East
990,merchant_0990,restaurant,low,US-East
991,merchant_0991,travel,low,US-East
992,merchant_0992,gaming,medium,EU-East
993,merchant_0993,crypto,high,APAC
994,merchant_0994,restaurant,medium,EU-East
995,merchant_0995,online,low,APAC
996,merchant_0996,retail,medium,EU-West
997,merchant_0997,travel,low,EU-East
998,merchant_0998,restaurant,low,US-West
999,merchant_0999,utilities,low,EU-West
1000,merchant_1000,retail,low,US-Central
1001,merchant_1001,travel,medium,US-Central
1002,merchant_1002,utilities,low,EU-East
1003,merchant_1003,crypto,medium,US-East
1004,merchant_1004,online,high,US-Central
1005,merchant_1005,travel,low,US-East
1006,merchant_1006,grocery,low,EU-West
1007,merchant_1007,online,low,US-West
1008,merchant_1008,online,low,US-West
1009,merchant_1009,utilities,low,US-West
1010,merchant_1010,gaming,high,APAC
1011,merchant_1011,travel,medium,EU-West
1012,merchant_1012,restaurant,medium,US-Central
1013,merchant_1013,restaurant,medium,EU-West
1014,merchant_1014,grocery,low,US-East
1015,merchant_1015,travel,medium,US-East
1016,merchant_1016,gaming,low,US-West
1017,merchant_1017,retail,medium,APAC
1018,merchant_1018,utilities,low,US-West
1019,merchant_1019,retail,medium,US-East
1020,merchant_1020,utilities,low,EU-West
1021,merchant_1021,restaurant,low,US-Central
1022,merchant_1022,restaurant,medium,US-East
1023,merchant_1023,travel,low,EU-East
1024,merchant_1024,gaming,high,US-West
1025,merchant_1025,crypto,high,US-Central
1026,merchant_1026,online,medium,EU-West
1027,merchant_1027,gaming,high,US-West
1028,merchant_1028,grocery,low,US-Central
1029,merchant_1029,restaurant,medium,EU-West
1030,merchant_1030,crypto,medium,EU-East
1031,merchant_1031,travel,low,APAC
1032,merchant_1032,utilities,low,EU-East
1033,merchant_1033,gaming,high,EU-West
1034,merchant_1034,retail,low,US-West
1035,merchant_1035,crypto,high,US-East
1036,merchant_1036,online,low,US-Central
1037,merchant_1037,restaurant,low,US-West
1038,merchant_1038,online,low,US-Central
1039,merchant_1039,travel,low,US-Central
1040,merchant_1040,crypto,medium,EU-East
1041,merchant_1041,restaurant,medium,EU-West
1042,merchant_1042,gaming,medium,EU-West
1043,merchant_1043,grocery,high,US-West
1044,merchant_1044,restaurant,medium,US-Central
1045,merchant_1045,online,medium,EU-West
1046,merchant_1046,crypto,high,EU-East
1047,merchant_1047,utilities,low,EU-West
1048,merchant_1048,online,low,APAC
1049,merchant_1049,crypto,medium,APAC
1050,merchant_1050,travel,medium,US-Central
1051,merchant_1051,travel,low,US-West
1052,merchant_1052,travel,medium,EU-East
1053,merchant_1053,gaming,medium,US-Central
1054,merchant_1054,restaurant,low,US-East
1055,merchant_1055,online,low,EU-West
1056,merchant_1056,crypto,low,EU-East
1057,merchant_1057,retail,low,EU-East
1058,merchant_1058,grocery,low,US-West
1059,merchant_1059,utilities,low,APAC
1060,merchant_1060,retail,low,EU-West
1061,merchant_1061,travel,low,US-East
1062,merchant_1062,restaurant,medium,EU-West
1063,merchant_1063,online,medium,US-East
1064,merchant_1064,travel,low,APAC
1065,merchant_1065,utilities,low,EU-East
1066,merchant_1066,retail,medium,APAC
1067,merchant_1067,online,medium,US-East
1068,merchant_1068,online,medium,US-Central
1069,merchant_1069,restaurant,low,US-Central
1070,merchant_1070,utilities,low,US-Central
1071,merchant_1071,gaming,medium,US-West
1072,merchant_1072,online,low,EU-West
1073,merchant_1073,retail,low,APAC
1074,merchant_1074,gaming,medium,EU-West
1075,merchant_1075,crypto,medium,EU-West
1076,merchant_1076,utilities,low,US-West
1077,merchant_1077,travel,medium,US-Central
1078,merchant_1078,retail,low,US-Central
1079,merchant_1079,online,low,APAC
1080,merchant_1080,retail,low,APAC
1081,merchant_1081,restaurant,low,US-West
1082,merchant_1082,gaming,high,US-West
1083,merchant_1083,grocery,medium,APAC
1084,merchant_1084,travel,low,EU-West
1085,merchant_1085,grocery,low,US-East
1086,merchant_1086,retail,medium,APAC
1087,merchant_1087,online,medium,EU-West
1088,merchant_1088,travel,medium,APAC
1089,merchant_1089,online,low,US-West
1090,merchant_1090,gaming,medium,APAC
1091,merchant_1091,travel,low,US-West
1092,merchant_1092,online,low,APAC
1093,merchant_1093,restaurant,medium,US-West
1094,merchant_1094,retail,low,US-Central
1095,merchant_1095,online,low,EU-West
1096,merchant_1096,restaurant,low,US-East
1097,merchant_1097,online,low,APAC
1098,merchant_1098,travel,low,APAC
1099,merchant_1099,crypto,high,APAC
1100,merchant_1100,online,low,EU-West
1101,merchant_1101,online,low,US-Central
1102,merchant_1102,restaurant,low,US-West
1103,merchant_1103,retail,medium,US-East
1104,merchant_1104,travel,high,APAC
1105,merchant_1105,crypto,high,US-West
1106,merchant_1106,gaming,high,US-East
1107,merchant_1107,retail,medium,US-East
1108,merchant_1108,utilities,low,EU-West
1109,merchant_1109,online,medium,EU-West
1110,merchant_1110,crypto,medium,US-Central
1111,merchant_1111,online,low,EU-East
1112,merchant_1112,utilities,high,US-Central
1113,merchant_1113,gaming,high,US-Central
1114,merchant_1114,restaurant,low,US-West
1115,merchant_1115,restaurant,high,US-Central
1116,merchant_1116,restaurant,low,US-West
1117,merchant_1117,crypto,medium,US-West
1118,merchant_1118,travel,high,US-West
1119,merchant_1119,retail,low,US-East
1120,merchant_1120,grocery,low,US-East
1121,merchant_1121,retail,high,APAC
1122,merchant_1122,gaming,low,EU-East
1123,merchant_1123,retail,medium,APAC
1124,merchant_1124,retail,low,EU-West
1125,merchant_1125,restaurant,low,APAC
1126,merchant_1126,crypto,low,US-Central
1127,merchant_1127,crypto,medium,EU-East
1128,merchant_1128,online,low,EU-East
1129,merchant_1129,utilities,low,EU-East
1130,merchant_1130,restaurant,low,APAC
1131,merchant_1131,utilities,low,US-Central
1132,merchant_1132,crypto,low,EU-East
1133,merchant_1133,travel,low,US-Central
1134,merchant_1134,grocery,low,EU-West
1135,merchant_1135,online,medium,US-Central
1136,merchant_1136,online,low,EU-East
1137,merchant_1137,gaming,high,EU-East
1138,merchant_1138,travel,low,US-East
1139,merchant_1139,gaming,medium,APAC
1140,merchant_1140,travel,low,US-Central
1141,merchant_1141,crypto,medium,EU-East
1142,merchant_1142,grocery,low,US-West
1143,merchant_1143,crypto,high,EU-East
1144,merchant_1144,online,medium,US-Central
1145,merchant_1145,online,medium,EU-West
1146,merchant_1146,grocery,low,US-East
1147,merchant_1147,utilities,low,US-Central
1148,merchant_1148,retail,medium,EU-West
1149,merchant_1149,utilities,low,US-Central
1150,merchant_1150,utilities,low,APAC
1151,merchant_1151,crypto,high,US-West
1152,merchant_1152,restaurant,low,US-West
1153,merchant_1153,crypto,medium,EU-East
1154,merchant_1154,online,low,EU-East
1155,merchant_1155,restaurant,low,US-West
1156,merchant_1156,retail,low,US-West
1157,merchant_1157,grocery,medium,EU-East
1158,merchant_1158,crypto,high,APAC
1159,merchant_1159,utilities,medium,US-Central
1160,merchant_1160,utilities,low,APAC
1161,merchant_1161,gaming,high,US-Central
1162,merchant_1162,retail,medium,APAC
1163,merchant_1163,restaurant,low,US-East
1164,merchant_1164,gaming,medium,US-East
1165,merchant_1165,utilities,medium,US-East
1166,merchant_1166,grocery,medium,APAC
1167,merchant_1167,online,medium,US-West
1168,merchant_1168,crypto,high,APAC
1169,merchant_1169,retail,low,US-East
1170,merchant_1170,utilities,medium,APAC
1171,merchant_1171,retail,low,APAC
1172,merchant_1172,restaurant,medium,US-Central
1173,merchant_1173,crypto,high,EU-East
1174,merchant_1174,gaming,low,EU-West
1175,merchant_1175,travel,low,US-Central
1176,merchant_1176,grocery,medium,EU-East
1177,merchant_1177,gaming,high,US-West
1178,merchant_1178,travel,low,US-East
1179,merchant_1179,online,low,APAC
1180,merchant_1180,crypto,high,APAC
1181,merchant_1181,utilities,low,EU-East
1182,merchant_1182,restaurant,medium,US-West
1183,merchant_1183,crypto,low,US-Central
1184,merchant_1184,crypto,medium,US-West
1185,merchant_1185,retail,low,US-Central
1186,merchant_1186,travel,low,EU-East
1187,merchant_1187,retail,low,APAC
1188,merchant_1188,restaurant,low,US-Central
1189,merchant_1189,restaurant,low,APAC
1190,merchant_1190,grocery,low,EU-East
1191,merchant_1191,utilities,low,US-West
1192,merchant_1192,online,medium,EU-West
1193,merchant_1193,grocery,high,APAC
1194,merchant_1194,restaurant,medium,US-Central
1195,merchant_1195,gaming,high,EU-East
1196,merchant_1196,grocery,high,APAC
1197,merchant_1197,retail,low,EU-East
1198,merchant_1198,gaming,high,EU-West
1199,merchant_1199,crypto,high,APAC
1200,merchant_1200,crypto,medium,US-Central
1201,merchant_1201,online,medium,US-East
1202,merchant_1202,restaurant,medium,US-Central
1203,merchant_1203,gaming,high,EU-West
1204,merchant_1204,restaurant,low,EU-West
1205,merchant_1205,retail,low,US-East
1206,merchant_1206,grocery,medium,US-East
1207,merchant_1207,retail,low,US-Central
1208,merchant_1208,retail,high,US-Central
1209,merchant_1209,utilities,low,US-West
1210,merchant_1210,utilities,high,EU-West
1211,merchant_1211,online,low,EU-East
1212,merchant_1212,grocery,low,US-West
1213,merchant_1213,restaurant,low,EU-West
1214,merchant_1214,crypto,medium,US-West
1215,merchant_1215,gaming,high,EU-East
1216,merchant_1216,restaurant,medium,EU-West
1217,merchant_1217,grocery,medium,EU-West
1218,merchant_1218,retail,low,US-Central
1219,merchant_1219,retail,medium,EU-East
1220,merchant_1220,online,low,US-East
1221,merchant_1221,grocery,low,US-Central
1222,merchant_1222,gaming,medium,US-Central
1223,merchant_1223,gaming,high,US-Central
1224,merchant_1224,online,high,US-East
1225,merchant_1225,online,low,APAC
1226,merchant_1226,retail,medium,EU-East
1227,merchant_1227,online,medium,APAC
1228,merchant_1228,grocery,low,EU-East
1229,merchant_1229,gaming,medium,US-West
1230,merchant_1230,retail,low,EU-West
1231,merchant_1231,online,high,US-Central
1232,merchant_1232,gaming,medium,EU-West
1233,merchant_1233,utilities,low,EU-West
1234,merchant_1234,restaurant,low,EU-East
1235,merchant_1235,grocery,low,US-West
1236,merchant_1236,gaming,low,US-West
1237,merchant_1237,restaurant,low,US-Central
1238,merchant_1238,restaurant,low,US-Central
1239,merchant_1239,crypto,high,APAC
1240,merchant_1240,online,low,EU-West
1241,merchant_1241,retail,low,US-East
1242,merchant_1242,crypto,medium,EU-East
1243,merchant_1243,gaming,medium,US-East
1244,merchant_1244,gaming,high,EU-East
1245,merchant_1245,crypto,low,US-East
1246,merchant_1246,travel,low,EU-East
1247,merchant_1247,travel,low,US-Central
1248,merchant_1248,online,low,US-West
1249,merchant_1249,grocery,medium,EU-East
1250,merchant_1250,crypto,high,US-West
1251,merchant_1251,retail,low,EU-East
1252,merchant_1252,gaming,high,US-Central
1253,merchant_1253,gaming,medium,US-Central
1254,merchant_1254,restaurant,low,APAC
1255,merchant_1255,gaming,high,EU-West
1256,merchant_1256,retail,medium,US-West
1257,merchant_1257,crypto,high,US-West
1258,merchant_1258,restaurant,medium,US-Central
1259,merchant_1259,grocery,low,US-West
1260,merchant_1260,online,high,US-West
1261,merchant_1261,online,high,APAC
1262,merchant_1262,travel,high,EU-East
1263,merchant_1263,travel,low,APAC
1264,merchant_1264,restaurant,medium,EU-West
1265,merchant_1265,travel,medium,EU-East
1266,merchant_1266,online,low,US-Central
1267,merchant_1267,travel,low,US-East
1268,merchant_1268,travel,low,EU-East
1269,merchant_1269,utilities,medium,EU-West
1270,merchant_1270,utilities,low,US-Central
1271,merchant_1271,grocery,low,US-Central
1272,merchant_1272,gaming,high,US-East
1273,merchant_1273,retail,low,US-West
1274,merchant_1274,travel,medium,EU-East
1275,merchant_1275,grocery,low,US-Central
1276,merchant_1276,online,low,US-West
1277,merchant_1277,travel,low,APAC
1278,merchant_1278,restaurant,medium,US-Central
1279,merchant_1279,restaurant,medium,US-Central
1280,merchant_1280,crypto,high,US-West
1281,merchant_1281,crypto,high,US-East
1282,merchant_1282,crypto,high,US-West
1283,merchant_1283,grocery,high,EU-West
1284,merchant_1284,gaming,high,EU-West
1285,merchant_1285,online,low,US-West
1286,merchant_1286,grocery,high,APAC
1287,merchant_1287,online,low,EU-West
1288,merchant_1288,grocery,low,APAC
1289,merchant_1289,travel,low,EU-West
1290,merchant_1290,utilities,low,EU-East
1291,merchant_1291,utilities,high,APAC
1292,merchant_1292,gaming,high,APAC
1293,merchant_1293,restaurant,low,US-West
1294,merchant_1294,grocery,low,APAC
1295,merchant_1295,utilities,low,APAC
1296,merchant_1296,travel,high,APAC
1297,merchant_1297,online,low,EU-West
1298,merchant_1298,grocery,low,US-Central
1299,merchant_1299,restaurant,low,US-West
1300,merchant_1300,gaming,medium,US-West
1301,merchant_1301,travel,low,US-Central
1302,merchant_1302,crypto,high,US-East
1303,merchant_1303,online,low,APAC
1304,merchant_1304,restaurant,high,US-Central
1305,merchant_1305,retail,high,US-East
1306,merchant_1306,travel,low,US-West
1307,merchant_1307,crypto,high,US-Central
1308,merchant_1308,retail,low,EU-West
1309,merchant_1309,travel,medium,EU-West
1310,merchant_1310,grocery,high,US-East
1311,merchant_1311,grocery,high,APAC
1312,merchant_1312,crypto,medium,EU-West
1313,merchant_1313,retail,low,EU-East
1314,merchant_1314,restaurant,low,US-East
1315,merchant_1315,retail,low,US-East
1316,merchant_1316,travel,high,US-East
1317,merchant_1317,grocery,low,US-West
1318,merchant_1318,travel,medium,US-East
1319,merchant_1319,restaurant,low,APAC
1320,merchant_1320,online,low,EU-East
1321,merchant_1321,gaming,medium,US-East
1322,merchant_1322,crypto,high,EU-West
1323,merchant_1323,crypto,high,EU-West
1324,merchant_1324,utilities,low,US-Central
1325,merchant_1325,retail,low,EU-East
1326,merchant_1326,grocery,medium,US-West
1327,merchant_1327,utilities,low,US-Central
1328,merchant_1328,restaurant,low,APAC
1329,merchant_1329,retail,low,US-Central
1330,merchant_1330,online,low,EU-West
1331,merchant_1331,utilities,high,EU-East
1332,merchant_1332,utilities,low,US-Central
1333,merchant_1333,retail,medium,US-West
1334,merchant_1334,online,medium,US-East
1335,merchant_1335,grocery,low,US-Central
1336,merchant_1336,gaming,high,US-West
1337,merchant_1337,grocery,low,US-West
1338,merchant_1338,crypto,high,US-West
1339,merchant_1339,crypto,high,US-West
1340,merchant_1340,online,low,US-West
1341,merchant_1341,online,medium,APAC
1342,merchant_1342,travel,low,APAC
1343,merchant_1343,restaurant,low,EU-West
1344,merchant_1344,grocery,medium,US-East
1345,merchant_1345,utilities,medium,US-Central
1346,merchant_1346,crypto,medium,APAC
1347,merchant_1347,grocery,low,US-West
1348,merchant_1348,retail,low,EU-West
1349,merchant_1349,travel,medium,US-Central
1350,merchant_1350,online,low,EU-East
1351,merchant_1351,grocery,low,US-Central
1352,merchant_1352,travel,low,EU-West
1353,merchant_1353,travel,high,EU-West
1354,merchant_1354,travel,low,EU-West
1355,merchant_1355,grocery,low,US-West
1356,merchant_1356,travel,low,APAC
1357,merchant_1357,utilities,low,US-Central
1358,merchant_1358,travel,high,US-West
1359,merchant_1359,restaurant,high,US-East
1360,merchant_1360,online,low,APAC
1361,merchant_1361,grocery,low,US-East
1362,merchant_1362,crypto,medium,US-West
1363,merchant_1363,retail,high,EU-East
1364,merchant_1364,grocery,low,US-West
1365,merchant_1365,online,medium,US-Central
1366,merchant_1366,travel,medium,US-East
1367,merchant_1367,gaming,high,EU-West
1368,merchant_1368,grocery,medium,US-Central
1369,merchant_1369,retail,medium,APAC
1370,merchant_1370,retail,medium,US-East
1371,merchant_1371,utilities,low,APAC
1372,merchant_1372,retail,low,US-Central
1373,merchant_1373,retail,medium,APAC
1374,merchant_1374,restaurant,low,EU-West
1375,merchant_1375,grocery,high,US-Central
1376,merchant_1376,restaurant,low,EU-East
1377,merchant_1377,restaurant,low,EU-West
1378,merchant_1378,travel,low,US-East
1379,merchant_1379,utilities,low,EU-West
1380,merchant_1380,crypto,medium,US-West
1381,merchant_1381,retail,low,US-West
1382,merchant_1382,grocery,medium,EU-West
1383,merchant_1383,restaurant,low,US-East
1384,merchant_1384,utilities,medium,EU-West
1385,merchant_1385,utilities,low,EU-West
1386,merchant_1386,travel,low,US-East
1387,merchant_1387,utilities,low,US-East
1388,merchant_1388,travel,medium,US-West
1389,merchant_1389,crypto,high,APAC
1390,merchant_1390,gaming,medium,EU-West
1391,merchant_1391,grocery,low,EU-West
1392,merchant_1392,gaming,medium,EU-West
1393,merchant_1393,restaurant,low,EU-East
1394,merchant_1394,restaurant,low,US-Central
1395,merchant_1395,restaurant,high,EU-West
1396,merchant_1396,utilities,medium,US-Central
1397,merchant_1397,utilities,low,US-Central
1398,merchant_1398,crypto,high,APAC
1399,merchant_1399,travel,low,APAC
1400,merchant_1400,restaurant,medium,EU-West
1401,merchant_1401,gaming,high,EU-East
1402,merchant_1402,utilities,low,APAC
1403,merchant_1403,utilities,low,US-East
1404,merchant_1404,utilities,medium,APAC
1405,merchant_1405,online,medium,US-West
1406,merchant_1406,online,low,US-West
1407,merchant_1407,grocery,medium,US-East
1408,merchant_1408,grocery,low,APAC
1409,merchant_1409,utilities,medium,EU-East
1410,merchant_1410,travel,medium,US-West
1411,merchant_1411,utilities,low,APAC
1412,merchant_1412,grocery,medium,US-East
1413,merchant_1413,restaurant,medium,APAC
1414,merchant_1414,retail,medium,EU-East
1415,merchant_1415,utilities,high,US-East
1416,merchant_1416,gaming,high,US-West
1417,merchant_1417,restaurant,low,US-Central
1418,merchant_1418,travel,high,EU-West
1419,merchant_1419,online,medium,EU-East
1420,merchant_1420,gaming,low,US-Central
1421,merchant_1421,crypto,high,US-East
1422,merchant_1422,restaurant,low,US-East
1423,merchant_1423,crypto,medium,EU-East
1424,merchant_1424,crypto,high,US-Central
1425,merchant_1425,online,medium,US-West
1426,merchant_1426,grocery,low,US-West
1427,merchant_1427,grocery,medium,US-East
1428,merchant_1428,utilities,medium,US-Central
1429,merchant_1429,gaming,high,US-Central
1430,merchant_1430,travel,medium,APAC
1431,merchant_1431,crypto,medium,EU-West
1432,merchant_1432,utilities,low,US-West
1433,merchant_1433,travel,low,US-Central
1434,merchant_1434,crypto,high,US-West
1435,merchant_1435,travel,high,US-East
1436,merchant_1436,restaurant,medium,EU-West
1437,merchant_1437,gaming,medium,APAC
1438,merchant_1438,utilities,high,US-West
1439,merchant_1439,grocery,medium,EU-East
1440,merchant_1440,restaurant,medium,US-West
1441,merchant_1441,utilities,low,US-Central
1442,merchant_1442,retail,low,US-West
1443,merchant_1443,gaming,high,APAC
1444,merchant_1444,restaurant,medium,EU-East
1445,merchant_1445,crypto,medium,US-Central
1446,merchant_1446,gaming,high,EU-East
1447,merchant_1447,crypto,high,EU-West
1448,merchant_1448,restaurant,low,US-West
1449,merchant_1449,restaurant,low,EU-East
1450,merchant_1450,travel,low,EU-East
1451,merchant_1451,grocery,low,EU-East
1452,merchant_1452,gaming,low,US-West
1453,merchant_1453,travel,low,APAC
1454,merchant_1454,restaurant,low,US-West
1455,merchant_1455,grocery,low,EU-West
1456,merchant_1456,utilities,low,US-Central
1457,merchant_1457,crypto,high,US-West
1458,merchant_1458,online,low,EU-East
1459,merchant_1459,retail,low,US-East
1460,merchant_1460,online,low,US-West
1461,merchant_1461,utilities,high,EU-East
1462,merchant_1462,utilities,low,US-East
1463,merchant_1463,online,high,US-Central
1464,merchant_1464,travel,low,APAC
1465,merchant_1465,online,low,US-East
1466,merchant_1466,retail,medium,US-East
1467,merchant_1467,travel,low,US-Central
1468,merchant_1468,utilities,low,APAC
1469,merchant_1469,grocery,low,APAC
1470,merchant_1470,travel,high,US-East
1471,merchant_1471,utilities,low,US-East
1472,merchant_1472,online,medium,US-West
1473,merchant_1473,grocery,low,EU-West
1474,merchant_1474,utilities,low,US-Central
1475,merchant_1475,grocery,low,APAC
1476,merchant_1476,utilities,low,US-West
1477,merchant_1477,grocery,low,US-Central
1478,merchant_1478,retail,low,US-Central
1479,merchant_1479,restaurant,high,US-Central
1480,merchant_1480,retail,medium,US-West
1481,merchant_1481,crypto,low,EU-East
1482,merchant_1482,gaming,low,US-Central
1483,merchant_1483,travel,low,US-West
1484,merchant_1484,crypto,high,US-Central
1485,merchant_1485,utilities,low,US-East
1486,merchant_1486,travel,high,EU-East
1487,merchant_1487,crypto,low,APAC
1488,merchant_1488,utilities,low,US-East
1489,merchant_1489,crypto,medium,EU-East
1490,merchant_1490,utilities,medium,EU-West
1491,merchant_1491,travel,low,US-Central
1492,merchant_1492,utilities,low,US-Central
1493,merchant_1493,travel,high,US-East
1494,merchant_1494,retail,low,US-East
1495,merchant_1495,utilities,low,APAC
1496,merchant_1496,crypto,high,APAC
1497,merchant_1497,gaming,high,EU-West
1498,merchant_1498,utilities,low,EU-East
1499,merchant_1499,retail,low,US-Central
1500,merchant_1500,retail,medium,US-West
1501,merchant_1501,utilities,medium,US-West
1502,merchant_1502,utilities,low,EU-East
1503,merchant_1503,gaming,medium,US-Central
1504,merchant_1504,crypto,high,APAC
1505,merchant_1505,crypto,medium,US-West
1506,merchant_1506,utilities,low,US-West
1507,merchant_1507,travel,medium,US-West
1508,merchant_1508,crypto,low,US-West
1509,merchant_1509,utilities,medium,US-Central
1510,merchant_1510,travel,low,EU-West
1511,merchant_1511,crypto,high,US-Central
1512,merchant_1512,utilities,medium,APAC
1513,merchant_1513,restaurant,low,APAC
1514,merchant_1514,utilities,low,US-West
1515,merchant_1515,restaurant,high,EU-West
1516,merchant_1516,online,low,US-East
1517,merchant_1517,online,medium,US-West
1518,merchant_1518,utilities,low,US-East
1519,merchant_1519,utilities,low,US-Central
1520,merchant_1520,utilities,medium,US-East
1521,merchant_1521,crypto,medium,US-West
1522,merchant_1522,online,medium,US-East
1523,merchant_1523,online,low,APAC
1524,merchant_1524,grocery,medium,US-East
1525,merchant_1525,restaurant,low,APAC
1526,merchant_1526,gaming,low,US-East
1527,merchant_1527,restaurant,medium,EU-West
1528,merchant_1528,crypto,high,EU-East
1529,merchant_1529,online,low,APAC
1530,merchant_1530,gaming,high,EU-East
1531,merchant_1531,utilities,medium,EU-West
1532,merchant_1532,utilities,low,APAC
1533,merchant_1533,gaming,medium,US-East
1534,merchant_1534,online,low,EU-West
1535,merchant_1535,gaming,high,US-West
1536,merchant_1536,crypto,high,US-Central
1537,merchant_1537,grocery,medium,US-West
1538,merchant_1538,utilities,low,EU-West
1539,merchant_1539,gaming,medium,APAC
1540,merchant_1540,online,medium,US-West
1541,merchant_1541,retail,high,EU-East
1542,merchant_1542,travel,low,US-East
1543,merchant_1543,restaurant,medium,APAC
1544,merchant_1544,crypto,high,US-Central
1545,merchant_1545,crypto,medium,APAC
1546,merchant_1546,restaurant,medium,US-Central
1547,merchant_1547,gaming,high,APAC
1548,merchant_1548,travel,low,US-Central
1549,merchant_1549,gaming,high,US-Central
1550,merchant_1550,travel,low,US-West
1551,merchant_1551,retail,medium,APAC
1552,merchant_1552,grocery,medium,US-West
1553,merchant_1553,travel,high,EU-West
1554,merchant_1554,travel,low,EU-East
1555,merchant_1555,grocery,medium,US-East
1556,merchant_1556,online,low,US-Central
1557,merchant_1557,grocery,high,US-East
1558,merchant_1558,gaming,medium,US-Central
1559,merchant_1559,crypto,high,US-Central
1560,merchant_1560,utilities,low,US-West
1561,merchant_1561,travel,medium,US-West
1562,merchant_1562,retail,low,US-West
1563,merchant_1563,restaurant,low,US-West
1564,merchant_1564,crypto,high,US-East
1565,merchant_1565,travel,low,APAC
1566,merchant_1566,gaming,high,APAC
1567,merchant_1567,restaurant,low,US-West
1568,merchant_1568,restaurant,high,US-West
1569,merchant_1569,retail,high,US-East
1570,merchant_1570,grocery,low,US-West
1571,merchant_1571,retail,medium,US-East
1572,merchant_1572,utilities,low,EU-West
1573,merchant_1573,online,low,APAC
1574,merchant_1574,retail,medium,APAC
1575,merchant_1575,crypto,high,EU-West
1576,merchant_1576,retail,medium,EU-East
1577,merchant_1577,gaming,medium,US-West
1578,merchant_1578,restaurant,medium,US-Central
1579,merchant_1579,restaurant,medium,US-Central
1580,merchant_1580,grocery,low,US-Central
1581,merchant_1581,restaurant,low,US-West
1582,merchant_1582,crypto,high,US-East
1583,merchant_1583,travel,low,US-West
1584,merchant_1584,restaurant,medium,EU-East
1585,merchant_1585,restaurant,low,EU-East
1586,merchant_1586,gaming,high,US-Central
1587,merchant_1587,travel,low,US-Central
1588,merchant_1588,online,low,APAC
1589,merchant_1589,crypto,medium,US-Central
1590,merchant_1590,grocery,low,US-East
1591,merchant_1591,grocery,low,EU-East
1592,merchant_1592,grocery,high,EU-West
1593,merchant_1593,grocery,low,US-Central
1594,merchant_1594,gaming,medium,US-East
1595,merchant_1595,gaming,high,US-Central
1596,merchant_1596,online,high,US-West
1597,merchant_1597,crypto,high,EU-East
1598,merchant_1598,utilities,low,US-West
1599,merchant_1599,online,low,US-East
1600,merchant_1600,utilities,low,APAC
1601,merchant_1601,restaurant,medium,APAC
1602,merchant_1602,crypto,medium,EU-West
1603,merchant_1603,utilities,low,EU-West
1604,merchant_1604,restaurant,low,US-West
1605,merchant_1605,grocery,medium,US-Central
1606,merchant_1606,grocery,medium,US-West
1607,merchant_1607,retail,high,APAC
1608,merchant_1608,gaming,high,EU-West
1609,merchant_1609,utilities,low,US-East
1610,merchant_1610,retail,low,EU-East
1611,merchant_1611,online,low,US-West
1612,merchant_1612,utilities,low,EU-East
1613,merchant_1613,restaurant,medium,EU-East
1614,merchant_1614,travel,medium,US-East
1615,merchant_1615,restaurant,medium,US-East
1616,merchant_1616,retail,low,EU-East
1617,merchant_1617,utilities,low,US-Central
1618,merchant_1618,gaming,high,EU-East
1619,merchant_1619,grocery,medium,US-West
1620,merchant_1620,travel,medium,EU-East
1621,merchant_1621,utilities,low,EU-East
1622,merchant_1622,online,medium,EU-East
1623,merchant_1623,travel,low,US-West
1624,merchant_1624,online,low,US-Central
1625,merchant_1625,restaurant,low,US-East
1626,merchant_1626,crypto,medium,EU-East
1627,merchant_1627,travel,low,US-East
1628,merchant_1628,online,low,EU-East
1629,merchant_1629,restaurant,low,US-East
1630,merchant_1630,online,low,EU-East
1631,merchant_1631,retail,medium,APAC
1632,merchant_1632,utilities,low,US-Central
1633,merchant_1633,crypto,high,EU-West
1634,merchant_1634,crypto,low,EU-East
1635,merchant_1635,utilities,low,US-West
1636,merchant_1636,utilities,low,US-East
1637,merchant_1637,grocery,medium,EU-West
1638,merchant_1638,grocery,low,EU-East
1639,merchant_1639,online,low,EU-West
1640,merchant_1640,utilities,low,EU-East
1641,merchant_1641,restaurant,medium,US-West
1642,merchant_1642,utilities,medium,US-East
1643,merchant_1643,grocery,high,APAC
1644,merchant_1644,retail,low,EU-West
1645,merchant_1645,grocery,high,EU-West
1646,merchant_1646,gaming,high,US-Central
1647,merchant_1647,grocery,low,EU-East
1648,merchant_1648,online,low,US-Central
1649,merchant_1649,restaurant,low,EU-East
1650,merchant_1650,restaurant,low,EU-East
1651,merchant_1651,travel,low,US-Central
1652,merchant_1652,online,low,APAC
1653,merchant_1653,retail,low,APAC
1654,merchant_1654,utilities,low,US-Central
1655,merchant_1655,gaming,high,EU-West
1656,merchant_1656,travel,medium,APAC
1657,merchant_1657,grocery,high,EU-East
1658,merchant_1658,travel,medium,US-East
1659,merchant_1659,travel,low,US-West
1660,merchant_1660,restaurant,low,EU-West
1661,merchant_1661,online,medium,EU-East
1662,merchant_1662,online,medium,APAC
1663,merchant_1663,utilities,medium,US-Central
1664,merchant_1664,travel,low,EU-West
1665,merchant_1665,travel,medium,APAC
1666,merchant_1666,travel,low,EU-East
1667,merchant_1667,restaurant,low,US-Central
1668,merchant_1668,online,medium,US-West
1669,merchant_1669,utilities,low,APAC
1670,merchant_1670,online,medium,APAC
1671,merchant_1671,utilities,medium,EU-East
1672,merchant_1672,restaurant,low,EU-East
1673,merchant_1673,gaming,high,US-East
1674,merchant_1674,restaurant,low,US-East
1675,merchant_1675,restaurant,low,EU-East
1676,merchant_1676,grocery,low,US-Central
1677,merchant_1677,online,low,US-East
1678,merchant_1678,grocery,low,US-East
1679,merchant_1679,grocery,low,EU-East
1680,merchant_1680,retail,low,EU-East
1681,merchant_1681,utilities,low,EU-East
1682,merchant_1682,gaming,high,EU-West
1683,merchant_1683,grocery,low,APAC
1684,merchant_1684,crypto,medium,US-East
1685,merchant_1685,gaming,high,US-Central
1686,merchant_1686,gaming,high,US-East
1687,merchant_1687,utilities,low,EU-West
1688,merchant_1688,crypto,high,EU-West
1689,merchant_1689,utilities,low,APAC
1690,merchant_1690,travel,high,EU-West
1691,merchant_1691,utilities,low,EU-East
1692,merchant_1692,utilities,medium,APAC
1693,merchant_1693,utilities,low,US-Central
1694,merchant_1694,travel,medium,US-East
1695,merchant_1695,utilities,low,EU-East
1696,merchant_1696,crypto,low,EU-West
1697,merchant_1697,utilities,low,EU-West
1698,merchant_1698,utilities,medium,EU-East
1699,merchant_1699,grocery,high,US-Central
1700,merchant_1700,online,low,US-West
1701,merchant_1701,gaming,high,US-Central
1702,merchant_1702,grocery,low,EU-West
1703,merchant_1703,restaurant,low,US-West
1704,merchant_1704,utilities,medium,US-West
1705,merchant_1705,utilities,low,US-Central
1706,merchant_1706,utilities,low,EU-West
1707,merchant_1707,crypto,medium,US-West
1708,merchant_1708,crypto,high,US-East
1709,merchant_1709,travel,low,EU-East
1710,merchant_1710,online,high,US-Central
1711,merchant_1711,online,medium,US-West
1712,merchant_1712,crypto,high,US-Central
1713,merchant_1713,travel,low,APAC
1714,merchant_1714,utilities,low,US-Central
1715,merchant_1715,restaurant,medium,EU-East
1716,merchant_1716,travel,low,EU-East
1717,merchant_1717,retail,low,US-West
1718,merchant_1718,travel,low,US-Central
1719,merchant_1719,online,medium,US-East
1720,merchant_1720,grocery,low,US-Central
1721,merchant_1721,crypto,high,EU-East
1722,merchant_1722,online,low,EU-East
1723,merchant_1723,online,low,US-West
1724,merchant_1724,retail,low,US-West
1725,merchant_1725,utilities,medium,APAC
1726,merchant_1726,gaming,high,EU-West
1727,merchant_1727,retail,low,US-Central
1728,merchant_1728,retail,low,EU-East
1729,merchant_1729,gaming,medium,EU-West
1730,merchant_1730,online,low,APAC
1731,merchant_1731,crypto,medium,US-West
1732,merchant_1732,gaming,high,US-Central
1733,merchant_1733,online,low,US-East
1734,merchant_1734,gaming,high,EU-East
1735,merchant_1735,restaurant,low,US-East
1736,merchant_1736,travel,medium,APAC
1737,merchant_1737,restaurant,low,EU-West
1738,merchant_1738,retail,low,EU-East
1739,merchant_1739,online,low,US-East
1740,merchant_1740,grocery,medium,US-East
1741,merchant_1741,gaming,high,US-East
1742,merchant_1742,travel,medium,APAC
1743,merchant_1743,travel,low,US-West
1744,merchant_1744,travel,low,EU-West
1745,merchant_1745,travel,low,US-Central
1746,merchant_1746,restaurant,medium,APAC
1747,merchant_1747,online,high,EU-West
1748,merchant_1748,travel,low,EU-East
1749,merchant_1749,crypto,high,US-Central
1750,merchant_1750,crypto,low,EU-East
1751,merchant_1751,retail,low,US-Central
1752,merchant_1752,restaurant,low,US-East
1753,merchant_1753,gaming,low,EU-West
1754,merchant_1754,crypto,medium,APAC
1755,merchant_1755,online,low,APAC
1756,merchant_1756,gaming,high,EU-East
1757,merchant_1757,restaurant,low,EU-East
1758,merchant_1758,grocery,medium,EU-West
1759,merchant_1759,gaming,medium,EU-West
1760,merchant_1760,grocery,low,US-East
1761,merchant_1761,retail,medium,US-West
1762,merchant_1762,grocery,low,APAC
1763,merchant_1763,retail,low,US-Central
1764,merchant_1764,grocery,low,EU-East
1765,merchant_1765,online,medium,EU-East
1766,merchant_1766,utilities,low,EU-West
1767,merchant_1767,gaming,high,EU-West
1768,merchant_1768,online,medium,APAC
1769,merchant_1769,travel,medium,EU-East
1770,merchant_1770,crypto,high,APAC
1771,merchant_1771,grocery,low,EU-West
1772,merchant_1772,grocery,low,EU-West
1773,merchant_1773,travel,medium,US-East
1774,merchant_1774,restaurant,low,APAC
1775,merchant_1775,crypto,high,US-Central
1776,merchant_1776,restaurant,medium,US-Central
1777,merchant_1777,utilities,medium,US-Central
1778,merchant_1778,utilities,low,US-West
1779,merchant_1779,crypto,medium,US-Central
1780,merchant_1780,crypto,high,EU-West
1781,merchant_1781,grocery,medium,APAC
1782,merchant_1782,grocery,low,EU-West
1783,merchant_1783,travel,low,EU-West
1784,merchant_1784,crypto,low,US-Central
1785,merchant_1785,online,high,US-Central
1786,merchant_1786,grocery,low,APAC
1787,merchant_1787,gaming,high,US-Central
1788,merchant_1788,travel,low,EU-East
1789,merchant_1789,retail,medium,US-Central
1790,merchant_1790,crypto,high,US-East
1791,merchant_1791,crypto,high,EU-West
1792,merchant_1792,crypto,medium,EU-West
1793,merchant_1793,grocery,low,EU-East
1794,merchant_1794,utilities,low,US-West
1795,merchant_1795,grocery,low,EU-West
1796,merchant_1796,utilities,low,US-Central
1797,merchant_1797,gaming,high,US-West
1798,merchant_1798,grocery,low,US-East
1799,merchant_1799,restaurant,medium,US-West
1800,merchant_1800,gaming,high,EU-East
1801,merchant_1801,retail,medium,US-Central
1802,merchant_1802,restaurant,low,US-East
1803,merchant_1803,online,low,APAC
1804,merchant_1804,travel,medium,US-West
1805,merchant_1805,gaming,medium,APAC
1806,merchant_1806,retail,low,EU-West
1807,merchant_1807,utilities,medium,APAC
1808,merchant_1808,restaurant,low,US-West
1809,merchant_1809,utilities,low,US-Central
1810,merchant_1810,retail,low,EU-East
1811,merchant_1811,gaming,medium,US-Central
1812,merchant_1812,retail,low,US-West
1813,merchant_1813,online,medium,US-West
1814,merchant_1814,retail,low,US-West
1815,merchant_1815,retail,low,US-Central
1816,merchant_1816,grocery,medium,US-Central
1817,merchant_1817,restaurant,low,EU-East
1818,merchant_1818,gaming,high,EU-West
1819,merchant_1819,gaming,high,US-Central
1820,merchant_1820,grocery,low,US-Central
1821,merchant_1821,retail,low,EU-East
1822,merchant_1822,gaming,high,US-West
1823,merchant_1823,utilities,low,EU-West
1824,merchant_1824,travel,low,EU-West
1825,merchant_1825,gaming,high,EU-West
1826,merchant_1826,travel,medium,US-West
1827,merchant_1827,utilities,medium,US-East
1828,merchant_1828,utilities,medium,US-East
1829,merchant_1829,retail,low,EU-West
1830,merchant_1830,restaurant,medium,EU-West
1831,merchant_1831,gaming,medium,US-Central
1832,merchant_1832,gaming,medium,EU-West
1833,merchant_1833,restaurant,low,EU-East
1834,merchant_1834,gaming,high,EU-East
1835,merchant_1835,travel,low,EU-West
1836,merchant_1836,restaurant,low,EU-East
1837,merchant_1837,crypto,high,EU-East
1838,merchant_1838,utilities,high,US-East
1839,merchant_1839,crypto,medium,US-West
1840,merchant_1840,utilities,high,EU-West
1841,merchant_1841,travel,medium,US-Central
1842,merchant_1842,retail,medium,US-East
1843,merchant_1843,restaurant,low,EU-East
1844,merchant_1844,retail,low,US-West
1845,merchant_1845,crypto,high,EU-West
1846,merchant_1846,utilities,low,EU-East
1847,merchant_1847,online,low,US-West
1848,merchant_1848,utilities,low,APAC
1849,merchant_1849,restaurant,low,APAC
1850,merchant_1850,travel,low,EU-East
1851,merchant_1851,retail,low,US-Central
1852,merchant_1852,grocery,medium,EU-East
1853,merchant_1853,retail,low,APAC
1854,merchant_1854,retail,high,US-West
1855,merchant_1855,grocery,low,US-West
1856,merchant_1856,utilities,medium,US-Central
1857,merchant_1857,restaurant,low,US-Central
1858,merchant_1858,restaurant,medium,EU-East
1859,merchant_1859,gaming,high,US-East
1860,merchant_1860,grocery,low,EU-East
1861,merchant_1861,retail,low,US-East
1862,merchant_1862,online,low,US-Central
1863,merchant_1863,restaurant,medium,APAC
1864,merchant_1864,grocery,medium,US-East
1865,merchant_1865,online,medium,EU-West
1866,merchant_1866,crypto,medium,US-Central
1867,merchant_1867,travel,medium,EU-East
1868,merchant_1868,crypto,medium,EU-West
1869,merchant_1869,gaming,medium,APAC
1870,merchant_1870,utilities,high,US-Central
1871,merchant_1871,retail,low,US-West
1872,merchant_1872,crypto,high,US-Central
1873,merchant_1873,gaming,medium,EU-West
1874,merchant_1874,gaming,high,US-East
1875,merchant_1875,crypto,high,US-West
1876,merchant_1876,grocery,low,EU-East
1877,merchant_1877,gaming,high,US-West
1878,merchant_1878,travel,medium,US-Central
1879,merchant_1879,crypto,high,APAC
1880,merchant_1880,online,low,EU-West
1881,merchant_1881,utilities,medium,US-East
1882,merchant_1882,travel,low,US-East
1883,merchant_1883,grocery,medium,APAC
1884,merchant_1884,retail,low,US-Central
1885,merchant_1885,utilities,medium,US-East
1886,merchant_1886,grocery,low,US-East
1887,merchant_1887,gaming,high,APAC
1888,merchant_1888,gaming,high,EU-East
1889,merchant_1889,crypto,low,US-East
1890,merchant_1890,crypto,high,US-West
1891,merchant_1891,utilities,low,US-East
1892,merchant_1892,restaurant,medium,US-Central
1893,merchant_1893,travel,low,US-West
1894,merchant_1894,crypto,medium,US-Central
1895,merchant_1895,restaurant,low,EU-West
1896,merchant_1896,crypto,medium,EU-East
1897,merchant_1897,online,medium,EU-West
1898,merchant_1898,restaurant,low,US-West
1899,merchant_1899,online,medium,EU-West
1900,merchant_1900,gaming,high,EU-East
1901,merchant_1901,gaming,medium,US-West
1902,merchant_1902,online,low,US-Central
1903,merchant_1903,retail,low,US-East
1904,merchant_1904,utilities,low,US-Central
1905,merchant_1905,utilities,low,US-West
1906,merchant_1906,utilities,medium,US-East
1907,merchant_1907,travel,low,EU-West
1908,merchant_1908,gaming,high,EU-East
1909,merchant_1909,grocery,low,US-West
1910,merchant_1910,travel,low,EU-East
1911,merchant_1911,travel,medium,EU-West
1912,merchant_1912,gaming,high,EU-East
1913,merchant_1913,utilities,low,EU-West
1914,merchant_1914,travel,low,US-East
1915,merchant_1915,crypto,low,US-West
1916,merchant_1916,utilities,low,US-East
1917,merchant_1917,retail,medium,EU-West
1918,merchant_1918,utilities,medium,EU-East
1919,merchant_1919,gaming,high,US-Central
1920,merchant_1920,grocery,medium,US-East
1921,merchant_1921,travel,low,EU-East
1922,merchant_1922,online,low,US-West
1923,merchant_1923,grocery,medium,US-West
1924,merchant_1924,retail,medium,APAC
1925,merchant_1925,utilities,medium,US-West
1926,merchant_1926,crypto,low,EU-West
1927,merchant_1927,crypto,high,EU-West
1928,merchant_1928,grocery,high,US-Central
1929,merchant_1929,utilities,low,APAC
1930,merchant_1930,online,medium,EU-West
1931,merchant_1931,online,medium,US-Central
1932,merchant_1932,online,high,EU-East
1933,merchant_1933,online,medium,EU-East
1934,merchant_1934,utilities,medium,EU-East
1935,merchant_1935,online,low,US-West
1936,merchant_1936,crypto,medium,US-West
1937,merchant_1937,utilities,medium,US-East
1938,merchant_1938,grocery,low,US-East
1939,merchant_1939,gaming,high,APAC
1940,merchant_1940,retail,medium,US-West
1941,merchant_1941,online,low,US-East
1942,merchant_1942,travel,medium,US-West
1943,merchant_1943,crypto,high,US-West
1944,merchant_1944,travel,medium,EU-East
1945,merchant_1945,grocery,high,EU-West
1946,merchant_1946,online,medium,US-West
1947,merchant_1947,gaming,medium,EU-West
1948,merchant_1948,retail,medium,EU-East
1949,merchant_1949,grocery,high,EU-West
1950,merchant_1950,retail,medium,EU-East
1951,merchant_1951,grocery,low,US-East
1952,merchant_1952,online,medium,US-East
1953,merchant_1953,utilities,low,APAC
1954,merchant_1954,grocery,low,US-East
1955,merchant_1955,restaurant,low,APAC
1956,merchant_1956,grocery,medium,EU-East
1957,merchant_1957,restaurant,medium,EU-West
1958,merchant_1958,restaurant,low,EU-East
1959,merchant_1959,gaming,medium,US-West
1960,merchant_1960,restaurant,medium,EU-East
1961,merchant_1961,retail,low,EU-East
1962,merchant_1962,online,low,APAC
1963,merchant_1963,online,low,US-West
1964,merchant_1964,restaurant,low,EU-East
1965,merchant_1965,online,high,US-East
1966,merchant_1966,crypto,medium,US-West
1967,merchant_1967,crypto,high,US-East
1968,merchant_1968,grocery,low,US-Central
1969,merchant_1969,restaurant,high,US-East
1970,merchant_1970,utilities,low,US-Central
1971,merchant_1971,grocery,medium,EU-West
1972,merchant_1972,restaurant,low,US-Central
1973,merchant_1973,gaming,medium,EU-West
1974,merchant_1974,gaming,medium,APAC
1975,merchant_1975,travel,low,US-West
1976,merchant_1976,restaurant,low,US-West
1977,merchant_1977,retail,medium,US-Central
1978,merchant_1978,online,low,EU-East
1979,merchant_1979,online,low,APAC
1980,merchant_1980,restaurant,low,US-East
1981,merchant_1981,crypto,medium,APAC
1982,merchant_1982,crypto,high,EU-East
1983,merchant_1983,restaurant,high,EU-East
1984,merchant_1984,grocery,high,APAC
1985,merchant_1985,crypto,medium,EU-East
1986,merchant_1986,utilities,medium,US-West
1987,merchant_1987,retail,low,US-Central
1988,merchant_1988,online,low,US-West
1989,merchant_1989,travel,medium,EU-East
1990,merchant_1990,retail,low,APAC
1991,merchant_1991,utilities,low,US-West
1992,merchant_1992,utilities,low,EU-West
1993,merchant_1993,retail,medium,US-West
1994,merchant_1994,online,low,APAC
1995,merchant_1995,online,low,EU-West
1996,merchant_1996,travel,medium,US-West
1997,merchant_1997,gaming,high,APAC
1998,merchant_1998,online,low,US-East
1999,merchant_1999,crypto,high,APAC
2000,merchant_2000,crypto,high,US-Central
2001,merchant_2001,online,medium,EU-West
2002,merchant_2002,gaming,high,US-East
2003,merchant_2003,travel,low,APAC
2004,merchant_2004,online,medium,US-West
2005,merchant_2005,restaurant,low,APAC
2006,merchant_2006,retail,low,US-Central
2007,merchant_2007,crypto,low,US-Central
2008,merchant_2008,grocery,low,EU-East
2009,merchant_2009,grocery,low,US-West
2010,merchant_2010,travel,low,EU-East
2011,merchant_2011,restaurant,medium,US-West
2012,merchant_2012,gaming,high,EU-West
2013,merchant_2013,grocery,medium,US-Central
2014,merchant_2014,crypto,medium,US-Central
2015,merchant_2015,online,high,US-East
2016,merchant_2016,gaming,high,APAC
2017,merchant_2017,grocery,low,EU-West
2018,merchant_2018,grocery,low,EU-West
2019,merchant_2019,crypto,medium,EU-West
2020,merchant_2020,utilities,low,US-West
2021,merchant_2021,grocery,medium,US-West
2022,merchant_2022,travel,medium,US-West
2023,merchant_2023,utilities,medium,US-West
2024,merchant_2024,crypto,low,APAC
2025,merchant_2025,grocery,low,APAC
2026,merchant_2026,gaming,high,APAC
2027,merchant_2027,utilities,low,EU-West
2028,merchant_2028,online,low,US-West
2029,merchant_2029,gaming,medium,EU-East
2030,merchant_2030,retail,low,EU-East
2031,merchant_2031,travel,low,EU-West
2032,merchant_2032,gaming,medium,APAC
2033,merchant_2033,gaming,low,US-West
2034,merchant_2034,restaurant,medium,US-East
2035,merchant_2035,grocery,low,US-East
2036,merchant_2036,crypto,low,APAC
2037,merchant_2037,crypto,high,US-Central
2038,merchant_2038,restaurant,medium,APAC
2039,merchant_2039,retail,low,US-Central
2040,merchant_2040,travel,medium,EU-West
2041,merchant_2041,travel,low,APAC
2042,merchant_2042,gaming,medium,EU-West
2043,merchant_2043,travel,low,US-West
2044,merchant_2044,restaurant,low,US-West
2045,merchant_2045,gaming,high,US-West
2046,merchant_2046,crypto,high,US-Central
2047,merchant_2047,crypto,low,US-West
2048,merchant_2048,gaming,medium,EU-West
2049,merchant_2049,grocery,low,US-East
2050,merchant_2050,crypto,medium,US-Central
2051,merchant_2051,online,low,US-East
2052,merchant_2052,gaming,medium,EU-East
2053,merchant_2053,grocery,medium,US-Central
2054,merchant_2054,travel,low,APAC
2055,merchant_2055,crypto,high,US-East
2056,merchant_2056,crypto,medium,EU-East
2057,merchant_2057,utilities,high,EU-East
2058,merchant_2058,travel,medium,EU-West
2059,merchant_2059,utilities,low,US-Central
2060,merchant_2060,retail,low,APAC
2061,merchant_2061,utilities,low,US-East
2062,merchant_2062,utilities,low,US-East
2063,merchant_2063,utilities,low,US-Central
2064,merchant_2064,grocery,low,US-West
2065,merchant_2065,utilities,medium,US-Central
2066,merchant_2066,retail,low,US-East
2067,merchant_2067,restaurant,medium,APAC
2068,merchant_2068,restaurant,medium,EU-West
2069,merchant_2069,utilities,low,APAC
2070,merchant_2070,grocery,medium,EU-West
2071,merchant_2071,crypto,high,US-Central
2072,merchant_2072,utilities,medium,US-West
2073,merchant_2073,utilities,low,EU-West
2074,merchant_2074,travel,low,APAC
2075,merchant_2075,grocery,low,APAC
2076,merchant_2076,crypto,high,US-Central
2077,merchant_2077,online,medium,US-West
2078,merchant_2078,grocery,low,APAC
2079,merchant_2079,retail,low,US-East
2080,merchant_2080,utilities,medium,US-East
2081,merchant_2081,gaming,medium,US-Central
2082,merchant_2082,online,medium,APAC
2083,merchant_2083,utilities,low,US-Central
2084,merchant_2084,utilities,low,APAC
2085,merchant_2085,utilities,low,US-West
2086,merchant_2086,grocery,low,US-East
2087,merchant_2087,travel,low,US-East
2088,merchant_2088,online,high,EU-West
2089,merchant_2089,gaming,medium,APAC
2090,merchant_2090,restaurant,low,EU-West
2091,merchant_2091,gaming,low,US-Central
2092,merchant_2092,utilities,low,US-East
2093,merchant_2093,gaming,high,APAC
2094,merchant_2094,restaurant,low,US-West
2095,merchant_2095,crypto,high,APAC
2096,merchant_2096,grocery,low,US-West
2097,merchant_2097,restaurant,low,US-Central
2098,merchant_2098,travel,low,US-West
2099,merchant_2099,retail,medium,EU-West
2100,merchant_2100,gaming,medium,US-East
2101,merchant_2101,travel,low,EU-West
2102,merchant_2102,retail,low,US-Central
2103,merchant_2103,travel,high,US-West
2104,merchant_2104,travel,low,APAC
2105,merchant_2105,online,medium,APAC
2106,merchant_2106,online,medium,US-East
2107,merchant_2107,crypto,high,US-East
2108,merchant_2108,travel,high,APAC
2109,merchant_2109,crypto,high,EU-East
2110,merchant_2110,retail,low,EU-West
2111,merchant_2111,restaurant,medium,APAC
2112,merchant_2112,grocery,low,US-East
2113,merchant_2113,utilities,low,US-West
2114,merchant_2114,restaurant,medium,US-East
2115,merchant_2115,utilities,high,US-East
2116,merchant_2116,grocery,medium,US-Central
2117,merchant_2117,utilities,medium,EU-West
2118,merchant_2118,online,high,EU-West
2119,merchant_2119,travel,high,US-West
2120,merchant_2120,restaurant,high,APAC
2121,merchant_2121,online,medium,US-Central
2122,merchant_2122,crypto,high,US-East
2123,merchant_2123,online,medium,APAC
2124,merchant_2124,retail,low,US-West
2125,merchant_2125,travel,low,US-Central
2126,merchant_2126,restaurant,medium,EU-East
2127,merchant_2127,online,medium,US-East
2128,merchant_2128,gaming,medium,EU-East
2129,merchant_2129,restaurant,high,US-East
2130,merchant_2130,online,low,US-Central
2131,merchant_2131,grocery,low,US-Central
2132,merchant_2132,online,low,US-Central
2133,merchant_2133,restaurant,low,US-Central
2134,merchant_2134,utilities,medium,US-West
2135,merchant_2135,online,low,EU-East
2136,merchant_2136,gaming,medium,US-East
2137,merchant_2137,travel,high,APAC
2138,merchant_2138,crypto,high,US-West
2139,merchant_2139,retail,low,US-Central
2140,merchant_2140,grocery,low,US-West
2141,merchant_2141,grocery,low,EU-West
2142,merchant_2142,online,low,APAC
2143,merchant_2143,travel,low,US-Central
2144,merchant_2144,online,low,EU-West
2145,merchant_2145,crypto,low,US-Central
2146,merchant_2146,online,medium,US-West
2147,merchant_2147,travel,low,EU-West
2148,merchant_2148,utilities,low,EU-West
2149,merchant_2149,crypto,medium,US-East
2150,merchant_2150,online,low,APAC
2151,merchant_2151,online,high,US-East
2152,merchant_2152,grocery,low,US-Central
2153,merchant_2153,retail,medium,US-Central
2154,merchant_2154,travel,medium,US-West
2155,merchant_2155,online,low,EU-East
2156,merchant_2156,travel,low,EU-West
2157,merchant_2157,retail,low,EU-West
2158,merchant_2158,restaurant,high,US-East
2159,merchant_2159,retail,medium,US-Central
2160,merchant_2160,travel,low,US-East
2161,merchant_2161,retail,medium,EU-West
2162,merchant_2162,grocery,low,EU-West
2163,merchant_2163,gaming,high,APAC
2164,merchant_2164,retail,low,US-Central
2165,merchant_2165,online,medium,APAC
2166,merchant_2166,grocery,low,US-Central
2167,merchant_2167,retail,low,US-East
2168,merchant_2168,restaurant,high,US-East
2169,merchant_2169,online,low,US-East
2170,merchant_2170,gaming,high,US-East
2171,merchant_2171,crypto,high,EU-West
2172,merchant_2172,grocery,medium,US-East
2173,merchant_2173,grocery,low,APAC
2174,merchant_2174,gaming,high,APAC
2175,merchant_2175,restaurant,low,EU-West
2176,merchant_2176,grocery,low,EU-West
2177,merchant_2177,restaurant,medium,US-East
2178,merchant_2178,grocery,medium,US-Central
2179,merchant_2179,crypto,medium,US-West
2180,merchant_2180,crypto,high,US-Central
2181,merchant_2181,gaming,low,US-East
2182,merchant_2182,retail,low,EU-East
2183,merchant_2183,travel,low,US-West
2184,merchant_2184,travel,high,US-West
2185,merchant_2185,gaming,medium,APAC
2186,merchant_2186,online,low,EU-West
2187,merchant_2187,utilities,low,APAC
2188,merchant_2188,gaming,high,US-East
2189,merchant_2189,travel,low,EU-East
2190,merchant_2190,online,low,US-West
2191,merchant_2191,gaming,medium,US-Central
2192,merchant_2192,utilities,low,US-East
2193,merchant_2193,crypto,medium,EU-West
2194,merchant_2194,gaming,high,APAC
2195,merchant_2195,restaurant,low,APAC
2196,merchant_2196,gaming,medium,US-West
2197,merchant_2197,restaurant,low,EU-East
2198,merchant_2198,grocery,low,APAC
2199,merchant_2199,retail,medium,US-East
2200,merchant_2200,restaurant,low,US-East
2201,merchant_2201,grocery,low,US-Central
2202,merchant_2202,crypto,medium,US-Central
2203,merchant_2203,grocery,low,US-Central
2204,merchant_2204,grocery,low,EU-East
2205,merchant_2205,utilities,low,EU-East
2206,merchant_2206,gaming,high,US-West
2207,merchant_2207,crypto,high,APAC
2208,merchant_2208,restaurant,low,EU-West
2209,merchant_2209,restaurant,low,APAC
2210,merchant_2210,retail,low,US-West
2211,merchant_2211,crypto,high,US-Central
2212,merchant_2212,retail,low,EU-East
2213,merchant_2213,retail,low,US-Central
2214,merchant_2214,online,low,US-West
2215,merchant_2215,grocery,low,US-West
2216,merchant_2216,utilities,high,EU-West
2217,merchant_2217,travel,low,US-Central
2218,merchant_2218,travel,low,US-East
2219,merchant_2219,retail,medium,US-East
2220,merchant_2220,crypto,high,US-West
2221,merchant_2221,crypto,medium,APAC
2222,merchant_2222,retail,low,EU-East
2223,merchant_2223,gaming,high,EU-East
2224,merchant_2224,travel,low,EU-East
2225,merchant_2225,utilities,low,APAC
2226,merchant_2226,restaurant,low,US-East
2227,merchant_2227,utilities,low,EU-West
2228,merchant_2228,gaming,high,US-West
2229,merchant_2229,restaurant,medium,US-East
2230,merchant_2230,grocery,medium,APAC
2231,merchant_2231,restaurant,low,US-West
2232,merchant_2232,travel,high,EU-West
2233,merchant_2233,restaurant,low,US-Central
2234,merchant_2234,crypto,low,EU-East
2235,merchant_2235,travel,low,US-East
2236,merchant_2236,retail,medium,EU-West
2237,merchant_2237,grocery,low,US-West
2238,merchant_2238,retail,low,US-East
2239,merchant_2239,crypto,high,APAC
2240,merchant_2240,gaming,high,US-Central
2241,merchant_2241,online,medium,US-West
2242,merchant_2242,restaurant,low,APAC
2243,merchant_2243,grocery,medium,EU-West
2244,merchant_2244,restaurant,low,US-West
2245,merchant_2245,restaurant,medium,US-East
2246,merchant_2246,travel,low,US-East
2247,merchant_2247,utilities,low,EU-West
2248,merchant_2248,online,low,EU-East
2249,merchant_2249,crypto,high,EU-West
2250,merchant_2250,utilities,high,US-West
2251,merchant_2251,restaurant,medium,APAC
2252,merchant_2252,retail,low,EU-West
2253,merchant_2253,restaurant,medium,US-West
2254,merchant_2254,travel,medium,EU-West
2255,merchant_2255,grocery,high,EU-East
2256,merchant_2256,grocery,medium,US-Central
2257,merchant_2257,online,high,US-Central
2258,merchant_2258,restaurant,high,APAC
2259,merchant_2259,crypto,medium,US-Central
2260,merchant_2260,grocery,low,US-Central
2261,merchant_2261,crypto,high,EU-West
2262,merchant_2262,travel,low,APAC
2263,merchant_2263,restaurant,low,EU-East
2264,merchant_2264,online,low,US-Central
2265,merchant_2265,travel,low,US-Central
2266,merchant_2266,travel,low,EU-West
2267,merchant_2267,travel,medium,EU-West
2268,merchant_2268,crypto,high,US-Central
2269,merchant_2269,travel,medium,US-East
2270,merchant_2270,gaming,high,APAC
2271,merchant_2271,crypto,medium,APAC
2272,merchant_2272,restaurant,low,US-West
2273,merchant_2273,travel,low,US-Central
2274,merchant_2274,online,low,EU-East
2275,merchant_2275,travel,low,US-West
2276,merchant_2276,retail,low,US-East
2277,merchant_2277,online,medium,EU-West
2278,merchant_2278,online,low,EU-East
2279,merchant_2279,gaming,high,EU-West
2280,merchant_2280,utilities,low,US-East
2281,merchant_2281,grocery,low,US-Central
2282,merchant_2282,utilities,low,EU-East
2283,merchant_2283,online,low,US-West
2284,merchant_2284,restaurant,medium,US-West
2285,merchant_2285,online,low,EU-West
2286,merchant_2286,utilities,low,US-West
2287,merchant_2287,restaurant,low,US-West
2288,merchant_2288,travel,medium,EU-East
2289,merchant_2289,crypto,medium,EU-West
2290,merchant_2290,crypto,medium,US-Central
2291,merchant_2291,restaurant,low,EU-West
2292,merchant_2292,crypto,high,APAC
2293,merchant_2293,online,medium,US-East
2294,merchant_2294,utilities,low,US-West
2295,merchant_2295,online,low,US-East
2296,merchant_2296,online,medium,US-West
2297,merchant_2297,retail,medium,EU-East
2298,merchant_2298,crypto,low,APAC
2299,merchant_2299,online,low,EU-West
2300,merchant_2300,grocery,low,EU-East
2301,merchant_2301,retail,low,US-West
2302,merchant_2302,retail,low,US-West
2303,merchant_2303,gaming,high,US-West
2304,merchant_2304,travel,high,US-Central
2305,merchant_2305,grocery,medium,APAC
2306,merchant_2306,restaurant,low,US-East
2307,merchant_2307,online,low,US-West
2308,merchant_2308,utilities,low,EU-East
2309,merchant_2309,grocery,high,APAC
2310,merchant_2310,utilities,low,US-East
2311,merchant_2311,restaurant,low,US-West
2312,merchant_2312,restaurant,low,EU-East
2313,merchant_2313,retail,medium,US-Central
2314,merchant_2314,utilities,high,US-Central
2315,merchant_2315,travel,low,EU-East
2316,merchant_2316,online,low,APAC
2317,merchant_2317,grocery,medium,EU-East
2318,merchant_2318,utilities,low,EU-West
2319,merchant_2319,gaming,medium,US-East
2320,merchant_2320,crypto,medium,US-East
2321,merchant_2321,retail,medium,US-Central
2322,merchant_2322,restaurant,medium,US-Central
2323,merchant_2323,restaurant,low,EU-East
2324,merchant_2324,crypto,high,EU-East
2325,merchant_2325,restaurant,low,US-Central
2326,merchant_2326,gaming,high,US-Central
2327,merchant_2327,gaming,medium,US-Central
2328,merchant_2328,utilities,low,EU-East
2329,merchant_2329,restaurant,low,EU-East
2330,merchant_2330,gaming,high,US-West
2331,merchant_2331,retail,low,EU-East
2332,merchant_2332,crypto,high,US-Central
2333,merchant_2333,utilities,medium,US-West
2334,merchant_2334,restaurant,medium,US-Central
2335,merchant_2335,retail,medium,EU-West
2336,merchant_2336,gaming,medium,US-Central
2337,merchant_2337,restaurant,low,APAC
2338,merchant_2338,crypto,high,US-West
2339,merchant_2339,retail,medium,APAC
2340,merchant_2340,grocery,low,EU-West
2341,merchant_2341,utilities,high,APAC
2342,merchant_2342,travel,low,US-West
2343,merchant_2343,crypto,high,US-West
2344,merchant_2344,online,medium,US-Central
2345,merchant_2345,grocery,low,EU-West
2346,merchant_2346,crypto,high,US-East
2347,merchant_2347,grocery,high,US-West
2348,merchant_2348,utilities,medium,US-West
2349,merchant_2349,restaurant,low,EU-East
2350,merchant_2350,grocery,low,EU-East
2351,merchant_2351,crypto,medium,US-East
2352,merchant_2352,restaurant,low,US-West
2353,merchant_2353,crypto,high,US-West
2354,merchant_2354,restaurant,medium,EU-East
2355,merchant_2355,online,high,EU-West
2356,merchant_2356,restaurant,low,US-Central
2357,merchant_2357,retail,low,US-Central
2358,merchant_2358,utilities,low,US-West
2359,merchant_2359,restaurant,high,APAC
2360,merchant_2360,crypto,high,US-West
2361,merchant_2361,retail,low,US-Central
2362,merchant_2362,online,low,US-East
2363,merchant_2363,gaming,low,APAC
2364,merchant_2364,crypto,high,EU-East
2365,merchant_2365,utilities,medium,US-East
2366,merchant_2366,travel,low,APAC
2367,merchant_2367,online,low,EU-West
2368,merchant_2368,restaurant,medium,EU-East
2369,merchant_2369,utilities,low,EU-East
2370,merchant_2370,gaming,high,APAC
2371,merchant_2371,crypto,medium,US-East
2372,merchant_2372,online,low,US-East
2373,merchant_2373,gaming,high,US-East
2374,merchant_2374,retail,high,EU-West
2375,merchant_2375,gaming,medium,EU-East
2376,merchant_2376,online,low,APAC
2377,merchant_2377,gaming,high,EU-East
2378,merchant_2378,utilities,low,EU-East
2379,merchant_2379,crypto,medium,US-East
2380,merchant_2380,retail,low,US-Central
2381,merchant_2381,utilities,low,US-Central
2382,merchant_2382,utilities,high,US-East
2383,merchant_2383,travel,low,US-East
2384,merchant_2384,crypto,medium,US-Central
2385,merchant_2385,utilities,medium,EU-East
2386,merchant_2386,travel,medium,US-Central
2387,merchant_2387,grocery,low,EU-West
2388,merchant_2388,utilities,medium,US-Central
2389,merchant_2389,gaming,high,US-Central
2390,merchant_2390,gaming,high,US-West
2391,merchant_2391,retail,medium,US-East
2392,merchant_2392,crypto,medium,US-East
2393,merchant_2393,utilities,low,US-Central
2394,merchant_2394,utilities,low,US-West
2395,merchant_2395,grocery,low,US-West
2396,merchant_2396,crypto,high,US-West
2397,merchant_2397,crypto,high,APAC
2398,merchant_2398,grocery,low,EU-West
2399,merchant_2399,online,high,EU-East
2400,merchant_2400,gaming,high,EU-West
2401,merchant_2401,grocery,low,EU-West
2402,merchant_2402,utilities,low,US-East
2403,merchant_2403,utilities,high,US-Central
2404,merchant_2404,restaurant,medium,US-Central
2405,merchant_2405,grocery,low,EU-East
2406,merchant_2406,gaming,medium,EU-West
2407,merchant_2407,retail,low,US-West
2408,merchant_2408,retail,medium,EU-West
2409,merchant_2409,crypto,high,APAC
2410,merchant_2410,restaurant,medium,EU-West
2411,merchant_2411,crypto,low,EU-West
2412,merchant_2412,online,low,US-West
2413,merchant_2413,crypto,medium,US-Central
2414,merchant_2414,grocery,low,US-East
2415,merchant_2415,restaurant,medium,APAC
2416,merchant_2416,restaurant,medium,EU-West
2417,merchant_2417,online,low,APAC
2418,merchant_2418,utilities,low,EU-West
2419,merchant_2419,retail,low,EU-East
2420,merchant_2420,gaming,medium,US-West
2421,merchant_2421,gaming,medium,EU-West
2422,merchant_2422,retail,high,APAC
2423,merchant_2423,crypto,high,EU-East
2424,merchant_2424,crypto,medium,US-West
2425,merchant_2425,travel,medium,US-Central
2426,merchant_2426,restaurant,medium,APAC
2427,merchant_2427,travel,low,US-Central
2428,merchant_2428,travel,high,US-East
2429,merchant_2429,restaurant,medium,APAC
2430,merchant_2430,retail,low,US-Central
2431,merchant_2431,restaurant,high,EU-West
2432,merchant_2432,gaming,high,APAC
2433,merchant_2433,utilities,low,APAC
2434,merchant_2434,utilities,low,EU-East
2435,merchant_2435,retail,low,US-West
2436,merchant_2436,retail,low,US-West
2437,merchant_2437,retail,high,US-Central
2438,merchant_2438,online,medium,EU-East
2439,merchant_2439,gaming,high,US-Central
2440,merchant_2440,retail,low,US-West
2441,merchant_2441,grocery,low,EU-East
2442,merchant_2442,utilities,medium,US-East
2443,merchant_2443,travel,high,US-Central
2444,merchant_2444,online,high,EU-West
2445,merchant_2445,grocery,medium,US-West
2446,merchant_2446,retail,low,US-East
2447,merchant_2447,utilities,medium,EU-West
2448,merchant_2448,retail,medium,APAC
2449,merchant_2449,utilities,low,US-East
2450,merchant_2450,retail,medium,APAC
2451,merchant_2451,gaming,high,US-East
2452,merchant_2452,utilities,low,US-Central
2453,merchant_2453,grocery,low,US-Central
2454,merchant_2454,retail,medium,EU-East
2455,merchant_2455,crypto,low,EU-West
2456,merchant_2456,grocery,low,US-West
2457,merchant_2457,retail,low,EU-East
2458,merchant_2458,travel,medium,US-East
2459,merchant_2459,restaurant,low,EU-West
2460,merchant_2460,online,low,EU-West
2461,merchant_2461,online,low,EU-West
2462,merchant_2462,grocery,low,EU-West
2463,merchant_2463,travel,medium,US-Central
2464,merchant_2464,crypto,high,APAC
2465,merchant_2465,travel,low,US-Central
2466,merchant_2466,utilities,medium,US-East
2467,merchant_2467,online,low,APAC
2468,merchant_2468,gaming,medium,EU-East
2469,merchant_2469,retail,medium,EU-East
2470,merchant_2470,online,medium,US-Central
2471,merchant_2471,utilities,low,US-East
2472,merchant_2472,travel,low,US-West
2473,merchant_2473,retail,high,US-Central
2474,merchant_2474,grocery,low,EU-East
2475,merchant_2475,grocery,high,APAC
2476,merchant_2476,retail,high,US-Central
2477,merchant_2477,retail,low,US-West
2478,merchant_2478,restaurant,low,APAC
2479,merchant_2479,restaurant,low,EU-West
2480,merchant_2480,restaurant,low,EU-West
2481,merchant_2481,utilities,high,US-West
2482,merchant_2482,crypto,high,APAC
2483,merchant_2483,retail,medium,APAC
2484,merchant_2484,grocery,low,US-West
2485,merchant_2485,utilities,low,US-West
2486,merchant_2486,utilities,low,US-East
2487,merchant_2487,utilities,low,US-East
2488,merchant_2488,utilities,low,EU-West
2489,merchant_2489,online,high,US-East
2490,merchant_2490,crypto,high,US-West
2491,merchant_2491,grocery,low,US-Central
2492,merchant_2492,gaming,low,APAC
2493,merchant_2493,travel,medium,EU-East
2494,merchant_2494,online,low,US-Central
2495,merchant_2495,online,low,US-East
2496,merchant_2496,restaurant,low,US-West
2497,merchant_2497,online,medium,US-East
2498,merchant_2498,retail,medium,US-East
2499,merchant_2499,crypto,low,EU-West
2500,merchant_2500,travel,low,US-East
